upper,lower,numeric,special,FQDN_count,entropy,labels,labels_max,labels_average,sld,subdomain,subdomain_length,len,longest_word
0,15,0,0,17,3.219528282299548,3,9,5.0,krepsinis,1,3,17,0.5294117647058824
upper,lower,numeric,special,FQDN_count,entropy,labels,labels_max,labels_average,sld,subdomain,subdomain_length,len,longest_word
0,13,0,0,15,3.1898980954642866,3,7,4.333333333333333,youtube,1,3,15,0.4666666666666667
upper,lower,numeric,special,FQDN_count,entropy,labels,labels_max,labels_average,sld,subdomain,subdomain_length,len,longest_word
0,18,0,0,20,3.621928094887362,3,10,6.0,googleapis,1,5,20,0.5
upper,lower,numeric,special,FQDN_count,entropy,labels,labels_max,labels_average,sld,subdomain,subdomain_length,len,longest_word
0,13,0,0,15,3.1898980954642866,3,7,4.333333333333333,youtube,1,3,15,0.4666666666666667
upper,lower,numeric,special,FQDN_count,entropy,labels,labels_max,labels_average,sld,subdomain,subdomain_length,len,longest_word
0,18,0,0,20,3.621928094887362,3,10,6.0,googleapis,1,5,20,0.5
upper,lower,numeric,special,FQDN_count,entropy,labels,labels_max,labels_average,sld,subdomain,subdomain_length,len,longest_word
0,15,0,0,17,3.219528282299548,3,9,5.0,krepsinis,1,3,17,0.5294117647058824
upper,lower,numeric,special,FQDN_count,entropy,labels,labels_max,labels_average,sld,subdomain,subdomain_length,len,longest_word
0,18,0,0,20,3.621928094887362,3,10,6.0,googleapis,1,5,20,0.5
upper,lower,numeric,special,FQDN_count,entropy,labels,labels_max,labels_average,sld,subdomain,subdomain_length,len,longest_word
0,13,0,0,15,3.1898980954642866,3,7,4.333333333333333,youtube,1,3,15,0.4666666666666667
upper,lower,numeric,special,FQDN_count,entropy,labels,labels_max,labels_average,sld,subdomain,subdomain_length,len,longest_word
0,15,0,0,17,3.219528282299548,3,9,5.0,krepsinis,1,3,17,0.5294117647058824
upper,lower,numeric,special,FQDN_count,entropy,labels,labels_max,labels_average,sld,subdomain,subdomain_length,len,longest_word
0,18,0,0,20,3.621928094887362,3,10,6.0,googleapis,1,5,20,0.5
upper,lower,numeric,special,FQDN_count,entropy,labels,labels_max,labels_average,sld,subdomain,subdomain_length,len,longest_word
0,15,0,0,17,3.219528282299548,3,9,5.0,krepsinis,1,3,17,0.5294117647058824
upper,lower,numeric,special,FQDN_count,entropy,labels,labels_max,labels_average,sld,subdomain,subdomain_length,len,longest_word
0,13,0,0,15,3.1898980954642866,3,7,4.333333333333333,youtube,1,3,15,0.4666666666666667
upper,lower,numeric,special,FQDN_count,entropy,labels,labels_max,labels_average,sld,subdomain,subdomain_length,len,longest_word
0,13,0,0,15,3.189898095464287,3,7,4.333333333333333,gstatic,1,3,15,0.4666666666666667
upper,lower,numeric,special,FQDN_count,entropy,labels,labels_max,labels_average,sld,subdomain,subdomain_length,len,longest_word
0,18,1,0,21,3.427333493898265,3,9,6.333333333333333,krepsinis,1,7,21,0.42857142857142855
upper,lower,numeric,special,FQDN_count,entropy,labels,labels_max,labels_average,sld,subdomain,subdomain_length,len,longest_word
0,15,0,0,17,3.3371753411230776,3,7,5.0,gstatic,1,5,17,0.4117647058823529
upper,lower,numeric,special,FQDN_count,entropy,labels,labels_max,labels_average,sld,subdomain,subdomain_length,len,longest_word
0,18,1,0,21,3.427333493898265,3,9,6.333333333333333,krepsinis,1,7,21,0.42857142857142855
upper,lower,numeric,special,FQDN_count,entropy,labels,labels_max,labels_average,sld,subdomain,subdomain_length,len,longest_word
0,15,0,0,17,3.3371753411230776,3,7,5.0,gstatic,1,5,17,0.4117647058823529
upper,lower,numeric,special,FQDN_count,entropy,labels,labels_max,labels_average,sld,subdomain,subdomain_length,len,longest_word
0,18,1,0,21,3.427333493898265,3,9,6.333333333333333,krepsinis,1,7,21,0.42857142857142855
upper,lower,numeric,special,FQDN_count,entropy,labels,labels_max,labels_average,sld,subdomain,subdomain_length,len,longest_word
0,15,0,0,17,3.3371753411230776,3,7,5.0,gstatic,1,5,17,0.4117647058823529
upper,lower,numeric,special,FQDN_count,entropy,labels,labels_max,labels_average,sld,subdomain,subdomain_length,len,longest_word
0,13,0,0,15,3.189898095464287,3,7,4.333333333333333,gstatic,1,3,15,0.4666666666666667
upper,lower,numeric,special,FQDN_count,entropy,labels,labels_max,labels_average,sld,subdomain,subdomain_length,len,longest_word
0,13,0,0,15,3.189898095464287,3,7,4.333333333333333,gstatic,1,3,15,0.4666666666666667
upper,lower,numeric,special,FQDN_count,entropy,labels,labels_max,labels_average,sld,subdomain,subdomain_length,len,longest_word
0,18,1,0,21,3.427333493898265,3,9,6.333333333333333,krepsinis,1,7,21,0.42857142857142855
upper,lower,numeric,special,FQDN_count,entropy,labels,labels_max,labels_average,sld,subdomain,subdomain_length,len,longest_word
0,15,0,0,17,3.3371753411230776,3,7,5.0,gstatic,1,5,17,0.4117647058823529
upper,lower,numeric,special,FQDN_count,entropy,labels,labels_max,labels_average,sld,subdomain,subdomain_length,len,longest_word
0,13,0,0,15,3.189898095464287,3,7,4.333333333333333,gstatic,1,3,15,0.4666666666666667
upper,lower,numeric,special,FQDN_count,entropy,labels,labels_max,labels_average,sld,subdomain,subdomain_length,len,longest_word
0,8,0,0,10,3.121928094887362,3,3,2.6666666666666665,one,1,3,10,0.3
upper,lower,numeric,special,FQDN_count,entropy,labels,labels_max,labels_average,sld,subdomain,subdomain_length,len,longest_word
0,17,0,0,19,3.326360407952695,3,8,5.666666666666667,addtoany,1,6,19,0.42105263157894735
upper,lower,numeric,special,FQDN_count,entropy,labels,labels_max,labels_average,sld,subdomain,subdomain_length,len,longest_word
0,9,0,0,10,3.121928094887362,2,5,4.5,stpd,0,0,10,0.5
upper,lower,numeric,special,FQDN_count,entropy,labels,labels_max,labels_average,sld,subdomain,subdomain_length,len,longest_word
0,17,0,0,19,3.326360407952695,3,8,5.666666666666667,addtoany,1,6,19,0.42105263157894735
upper,lower,numeric,special,FQDN_count,entropy,labels,labels_max,labels_average,sld,subdomain,subdomain_length,len,longest_word
0,8,0,0,10,3.121928094887362,3,3,2.6666666666666665,one,1,3,10,0.3
upper,lower,numeric,special,FQDN_count,entropy,labels,labels_max,labels_average,sld,subdomain,subdomain_length,len,longest_word
0,9,0,0,10,3.121928094887362,2,5,4.5,stpd,0,0,10,0.5
upper,lower,numeric,special,FQDN_count,entropy,labels,labels_max,labels_average,sld,subdomain,subdomain_length,len,longest_word
0,9,0,0,10,3.121928094887362,2,5,4.5,stpd,0,0,10,0.5
upper,lower,numeric,special,FQDN_count,entropy,labels,labels_max,labels_average,sld,subdomain,subdomain_length,len,longest_word
0,17,0,0,19,3.326360407952695,3,8,5.666666666666667,addtoany,1,6,19,0.42105263157894735
upper,lower,numeric,special,FQDN_count,entropy,labels,labels_max,labels_average,sld,subdomain,subdomain_length,len,longest_word
0,8,0,0,10,3.121928094887362,3,3,2.6666666666666665,one,1,3,10,0.3
upper,lower,numeric,special,FQDN_count,entropy,labels,labels_max,labels_average,sld,subdomain,subdomain_length,len,longest_word
0,9,0,0,10,3.121928094887362,2,5,4.5,stpd,0,0,10,0.5
upper,lower,numeric,special,FQDN_count,entropy,labels,labels_max,labels_average,sld,subdomain,subdomain_length,len,longest_word
0,8,0,0,10,3.121928094887362,3,3,2.6666666666666665,one,1,3,10,0.3
upper,lower,numeric,special,FQDN_count,entropy,labels,labels_max,labels_average,sld,subdomain,subdomain_length,len,longest_word
0,17,0,0,19,3.326360407952695,3,8,5.666666666666667,addtoany,1,6,19,0.42105263157894735
upper,lower,numeric,special,FQDN_count,entropy,labels,labels_max,labels_average,sld,subdomain,subdomain_length,len,longest_word
0,27,0,0,29,3.926272374139508,3,18,9.0,cloudflareinsights,1,6,29,0.6206896551724138
upper,lower,numeric,special,FQDN_count,entropy,labels,labels_max,labels_average,sld,subdomain,subdomain_length,len,longest_word
0,22,0,0,24,3.4072682296173893,3,16,7.333333333333333,googletagmanager,1,3,24,0.6666666666666666
upper,lower,numeric,special,FQDN_count,entropy,labels,labels_max,labels_average,sld,subdomain,subdomain_length,len,longest_word
0,18,0,0,20,3.1709505944546685,3,8,6.0,facebook,1,7,20,0.4
upper,lower,numeric,special,FQDN_count,entropy,labels,labels_max,labels_average,sld,subdomain,subdomain_length,len,longest_word
0,22,0,0,24,3.4072682296173893,3,16,7.333333333333333,googletagmanager,1,3,24,0.6666666666666666
upper,lower,numeric,special,FQDN_count,entropy,labels,labels_max,labels_average,sld,subdomain,subdomain_length,len,longest_word
0,27,0,0,29,3.926272374139508,3,18,9.0,cloudflareinsights,1,6,29,0.6206896551724138
upper,lower,numeric,special,FQDN_count,entropy,labels,labels_max,labels_average,sld,subdomain,subdomain_length,len,longest_word
0,18,0,0,20,3.1709505944546685,3,8,6.0,facebook,1,7,20,0.4
upper,lower,numeric,special,FQDN_count,entropy,labels,labels_max,labels_average,sld,subdomain,subdomain_length,len,longest_word
0,27,0,0,29,3.926272374139508,3,18,9.0,cloudflareinsights,1,6,29,0.6206896551724138
upper,lower,numeric,special,FQDN_count,entropy,labels,labels_max,labels_average,sld,subdomain,subdomain_length,len,longest_word
0,18,0,0,20,3.1709505944546685,3,8,6.0,facebook,1,7,20,0.4
upper,lower,numeric,special,FQDN_count,entropy,labels,labels_max,labels_average,sld,subdomain,subdomain_length,len,longest_word
0,22,0,0,24,3.4072682296173893,3,16,7.333333333333333,googletagmanager,1,3,24,0.6666666666666666
upper,lower,numeric,special,FQDN_count,entropy,labels,labels_max,labels_average,sld,subdomain,subdomain_length,len,longest_word
0,27,0,0,29,3.926272374139508,3,18,9.0,cloudflareinsights,1,6,29,0.6206896551724138
upper,lower,numeric,special,FQDN_count,entropy,labels,labels_max,labels_average,sld,subdomain,subdomain_length,len,longest_word
0,18,0,0,20,3.1709505944546685,3,8,6.0,facebook,1,7,20,0.4
upper,lower,numeric,special,FQDN_count,entropy,labels,labels_max,labels_average,sld,subdomain,subdomain_length,len,longest_word
0,22,0,0,24,3.4072682296173893,3,16,7.333333333333333,googletagmanager,1,3,24,0.6666666666666666
upper,lower,numeric,special,FQDN_count,entropy,labels,labels_max,labels_average,sld,subdomain,subdomain_length,len,longest_word
0,10,1,0,13,3.5465935642949384,3,6,3.6666666666666665,adform,1,2,13,0.46153846153846156
upper,lower,numeric,special,FQDN_count,entropy,labels,labels_max,labels_average,sld,subdomain,subdomain_length,len,longest_word
0,18,0,0,20,3.346439344671015,3,9,6.0,chartbeat,1,6,20,0.45
upper,lower,numeric,special,FQDN_count,entropy,labels,labels_max,labels_average,sld,subdomain,subdomain_length,len,longest_word
0,13,0,0,14,3.52164063634332,2,10,6.5,scaredslip,0,0,14,0.7142857142857143
upper,lower,numeric,special,FQDN_count,entropy,labels,labels_max,labels_average,sld,subdomain,subdomain_length,len,longest_word
0,10,1,0,13,3.5465935642949384,3,6,3.6666666666666665,adform,1,2,13,0.46153846153846156
upper,lower,numeric,special,FQDN_count,entropy,labels,labels_max,labels_average,sld,subdomain,subdomain_length,len,longest_word
0,18,0,0,20,3.346439344671015,3,9,6.0,chartbeat,1,6,20,0.45
upper,lower,numeric,special,FQDN_count,entropy,labels,labels_max,labels_average,sld,subdomain,subdomain_length,len,longest_word
0,10,1,0,13,3.5465935642949384,3,6,3.6666666666666665,adform,1,2,13,0.46153846153846156
upper,lower,numeric,special,FQDN_count,entropy,labels,labels_max,labels_average,sld,subdomain,subdomain_length,len,longest_word
0,18,0,0,20,3.346439344671015,3,9,6.0,chartbeat,1,6,20,0.45
upper,lower,numeric,special,FQDN_count,entropy,labels,labels_max,labels_average,sld,subdomain,subdomain_length,len,longest_word
0,10,1,0,13,3.5465935642949384,3,6,3.6666666666666665,adform,1,2,13,0.46153846153846156
upper,lower,numeric,special,FQDN_count,entropy,labels,labels_max,labels_average,sld,subdomain,subdomain_length,len,longest_word
0,21,0,1,24,3.772055208874201,3,16,7.333333333333333,google-analytics,1,3,24,0.375
upper,lower,numeric,special,FQDN_count,entropy,labels,labels_max,labels_average,sld,subdomain,subdomain_length,len,longest_word
0,21,0,1,24,3.772055208874201,3,16,7.333333333333333,google-analytics,1,3,24,0.375
upper,lower,numeric,special,FQDN_count,entropy,labels,labels_max,labels_average,sld,subdomain,subdomain_length,len,longest_word
0,21,0,1,24,3.772055208874201,3,16,7.333333333333333,google-analytics,1,3,24,0.375
upper,lower,numeric,special,FQDN_count,entropy,labels,labels_max,labels_average,sld,subdomain,subdomain_length,len,longest_word
0,21,0,1,24,3.772055208874201,3,16,7.333333333333333,google-analytics,1,3,24,0.375
upper,lower,numeric,special,FQDN_count,entropy,labels,labels_max,labels_average,sld,subdomain,subdomain_length,len,longest_word
0,15,0,0,17,3.146286370662105,3,6,5.0,criteo,1,6,17,0.35294117647058826
upper,lower,numeric,special,FQDN_count,entropy,labels,labels_max,labels_average,sld,subdomain,subdomain_length,len,longest_word
0,15,0,0,17,3.146286370662105,3,6,5.0,criteo,1,6,17,0.35294117647058826
upper,lower,numeric,special,FQDN_count,entropy,labels,labels_max,labels_average,sld,subdomain,subdomain_length,len,longest_word
0,15,0,0,17,3.146286370662105,3,6,5.0,criteo,1,6,17,0.35294117647058826
upper,lower,numeric,special,FQDN_count,entropy,labels,labels_max,labels_average,sld,subdomain,subdomain_length,len,longest_word
0,15,0,0,17,3.146286370662105,3,6,5.0,criteo,1,6,17,0.35294117647058826
upper,lower,numeric,special,FQDN_count,entropy,labels,labels_max,labels_average,sld,subdomain,subdomain_length,len,longest_word
0,13,0,0,14,3.52164063634332,2,10,6.5,scaredslip,0,0,14,0.7142857142857143
upper,lower,numeric,special,FQDN_count,entropy,labels,labels_max,labels_average,sld,subdomain,subdomain_length,len,longest_word
0,13,0,0,14,3.52164063634332,2,10,6.5,scaredslip,0,0,14,0.7142857142857143
upper,lower,numeric,special,FQDN_count,entropy,labels,labels_max,labels_average,sld,subdomain,subdomain_length,len,longest_word
0,24,1,0,28,3.7534343861887853,4,9,6.25,google,1,16,28,0.32142857142857145
upper,lower,numeric,special,FQDN_count,entropy,labels,labels_max,labels_average,sld,subdomain,subdomain_length,len,longest_word
0,11,0,0,13,2.7192945256669794,3,6,3.6666666666666665,google,1,3,13,0.46153846153846156
upper,lower,numeric,special,FQDN_count,entropy,labels,labels_max,labels_average,sld,subdomain,subdomain_length,len,longest_word
0,24,1,0,28,3.7534343861887853,4,9,6.25,google,1,16,28,0.32142857142857145
upper,lower,numeric,special,FQDN_count,entropy,labels,labels_max,labels_average,sld,subdomain,subdomain_length,len,longest_word
0,24,1,0,28,3.7534343861887853,4,9,6.25,google,1,16,28,0.32142857142857145
upper,lower,numeric,special,FQDN_count,entropy,labels,labels_max,labels_average,sld,subdomain,subdomain_length,len,longest_word
0,11,0,0,13,2.7192945256669794,3,6,3.6666666666666665,google,1,3,13,0.46153846153846156
upper,lower,numeric,special,FQDN_count,entropy,labels,labels_max,labels_average,sld,subdomain,subdomain_length,len,longest_word
0,11,0,0,13,2.7192945256669794,3,6,3.6666666666666665,google,1,3,13,0.46153846153846156
upper,lower,numeric,special,FQDN_count,entropy,labels,labels_max,labels_average,sld,subdomain,subdomain_length,len,longest_word
0,18,0,0,20,3.346439344671015,3,9,6.0,chartbeat,1,6,20,0.45
upper,lower,numeric,special,FQDN_count,entropy,labels,labels_max,labels_average,sld,subdomain,subdomain_length,len,longest_word
0,24,1,0,28,3.7534343861887853,4,9,6.25,google,1,16,28,0.32142857142857145
upper,lower,numeric,special,FQDN_count,entropy,labels,labels_max,labels_average,sld,subdomain,subdomain_length,len,longest_word
0,11,0,0,13,2.7192945256669794,3,6,3.6666666666666665,google,1,3,13,0.46153846153846156
upper,lower,numeric,special,FQDN_count,entropy,labels,labels_max,labels_average,sld,subdomain,subdomain_length,len,longest_word
0,24,1,1,28,3.851823225551766,3,16,8.666666666666666,google-analytics,1,7,28,0.32142857142857145
upper,lower,numeric,special,FQDN_count,entropy,labels,labels_max,labels_average,sld,subdomain,subdomain_length,len,longest_word
0,24,1,1,28,3.851823225551766,3,16,8.666666666666666,google-analytics,1,7,28,0.32142857142857145
upper,lower,numeric,special,FQDN_count,entropy,labels,labels_max,labels_average,sld,subdomain,subdomain_length,len,longest_word
0,24,1,1,28,3.851823225551766,3,16,8.666666666666666,google-analytics,1,7,28,0.32142857142857145
upper,lower,numeric,special,FQDN_count,entropy,labels,labels_max,labels_average,sld,subdomain,subdomain_length,len,longest_word
0,24,1,1,28,3.851823225551766,3,16,8.666666666666666,google-analytics,1,7,28,0.32142857142857145
upper,lower,numeric,special,FQDN_count,entropy,labels,labels_max,labels_average,sld,subdomain,subdomain_length,len,longest_word
0,13,0,0,14,3.52164063634332,2,10,6.5,scaredslip,0,0,14,0.7142857142857143
upper,lower,numeric,special,FQDN_count,entropy,labels,labels_max,labels_average,sld,subdomain,subdomain_length,len,longest_word
0,24,0,0,27,3.726204631392457,4,11,6.0,doubleclick,1,10,27,0.4074074074074074
upper,lower,numeric,special,FQDN_count,entropy,labels,labels_max,labels_average,sld,subdomain,subdomain_length,len,longest_word
0,24,0,0,27,3.726204631392457,4,11,6.0,doubleclick,1,10,27,0.4074074074074074
upper,lower,numeric,special,FQDN_count,entropy,labels,labels_max,labels_average,sld,subdomain,subdomain_length,len,longest_word
0,24,0,0,27,3.726204631392457,4,11,6.0,doubleclick,1,10,27,0.4074074074074074
upper,lower,numeric,special,FQDN_count,entropy,labels,labels_max,labels_average,sld,subdomain,subdomain_length,len,longest_word
0,24,0,0,27,3.726204631392457,4,11,6.0,doubleclick,1,10,27,0.4074074074074074
upper,lower,numeric,special,FQDN_count,entropy,labels,labels_max,labels_average,sld,subdomain,subdomain_length,len,longest_word
0,24,0,0,27,3.726204631392457,4,11,6.0,doubleclick,1,10,27,0.4074074074074074
upper,lower,numeric,special,FQDN_count,entropy,labels,labels_max,labels_average,sld,subdomain,subdomain_length,len,longest_word
0,24,0,0,27,3.726204631392457,4,11,6.0,doubleclick,1,10,27,0.4074074074074074
upper,lower,numeric,special,FQDN_count,entropy,labels,labels_max,labels_average,sld,subdomain,subdomain_length,len,longest_word
0,30,1,2,37,3.7224385005301968,5,19,6.6,criteo,1,24,37,0.1891891891891892
upper,lower,numeric,special,FQDN_count,entropy,labels,labels_max,labels_average,sld,subdomain,subdomain_length,len,longest_word
0,24,0,0,27,3.726204631392457,4,11,6.0,doubleclick,1,10,27,0.4074074074074074
upper,lower,numeric,special,FQDN_count,entropy,labels,labels_max,labels_average,sld,subdomain,subdomain_length,len,longest_word
0,24,0,0,27,3.726204631392457,4,11,6.0,doubleclick,1,10,27,0.4074074074074074
upper,lower,numeric,special,FQDN_count,entropy,labels,labels_max,labels_average,sld,subdomain,subdomain_length,len,longest_word
0,30,1,2,37,3.7224385005301968,5,19,6.6,criteo,1,24,37,0.1891891891891892
upper,lower,numeric,special,FQDN_count,entropy,labels,labels_max,labels_average,sld,subdomain,subdomain_length,len,longest_word
0,30,1,2,37,3.7224385005301968,5,19,6.6,criteo,1,24,37,0.1891891891891892
upper,lower,numeric,special,FQDN_count,entropy,labels,labels_max,labels_average,sld,subdomain,subdomain_length,len,longest_word
0,30,1,2,37,3.7224385005301968,5,19,6.6,criteo,1,24,37,0.1891891891891892
upper,lower,numeric,special,FQDN_count,entropy,labels,labels_max,labels_average,sld,subdomain,subdomain_length,len,longest_word
0,20,0,0,23,3.7622673906514947,4,11,5.0,doubleclick,1,6,23,0.4782608695652174
upper,lower,numeric,special,FQDN_count,entropy,labels,labels_max,labels_average,sld,subdomain,subdomain_length,len,longest_word
0,20,0,0,23,3.7622673906514947,4,11,5.0,doubleclick,1,6,23,0.4782608695652174
upper,lower,numeric,special,FQDN_count,entropy,labels,labels_max,labels_average,sld,subdomain,subdomain_length,len,longest_word
0,20,0,0,23,3.7622673906514947,4,11,5.0,doubleclick,1,6,23,0.4782608695652174
upper,lower,numeric,special,FQDN_count,entropy,labels,labels_max,labels_average,sld,subdomain,subdomain_length,len,longest_word
0,20,0,0,23,3.7622673906514947,4,11,5.0,doubleclick,1,6,23,0.4782608695652174
upper,lower,numeric,special,FQDN_count,entropy,labels,labels_max,labels_average,sld,subdomain,subdomain_length,len,longest_word
0,15,0,0,18,3.4613201402110083,4,6,3.75,gemius,1,7,18,0.3333333333333333
upper,lower,numeric,special,FQDN_count,entropy,labels,labels_max,labels_average,sld,subdomain,subdomain_length,len,longest_word
0,31,0,0,33,3.688185407171682,3,22,10.333333333333334,google,1,22,33,0.6666666666666666
upper,lower,numeric,special,FQDN_count,entropy,labels,labels_max,labels_average,sld,subdomain,subdomain_length,len,longest_word
0,31,0,0,33,3.688185407171682,3,22,10.333333333333334,google,1,22,33,0.6666666666666666
upper,lower,numeric,special,FQDN_count,entropy,labels,labels_max,labels_average,sld,subdomain,subdomain_length,len,longest_word
0,15,0,0,18,3.4613201402110083,4,6,3.75,gemius,1,7,18,0.3333333333333333
upper,lower,numeric,special,FQDN_count,entropy,labels,labels_max,labels_average,sld,subdomain,subdomain_length,len,longest_word
0,15,0,0,18,3.4613201402110083,4,6,3.75,gemius,1,7,18,0.3333333333333333
upper,lower,numeric,special,FQDN_count,entropy,labels,labels_max,labels_average,sld,subdomain,subdomain_length,len,longest_word
0,31,0,0,33,3.688185407171682,3,22,10.333333333333334,google,1,22,33,0.6666666666666666
upper,lower,numeric,special,FQDN_count,entropy,labels,labels_max,labels_average,sld,subdomain,subdomain_length,len,longest_word
0,15,0,0,18,3.4613201402110083,4,6,3.75,gemius,1,7,18,0.3333333333333333
upper,lower,numeric,special,FQDN_count,entropy,labels,labels_max,labels_average,sld,subdomain,subdomain_length,len,longest_word
0,31,0,0,33,3.688185407171682,3,22,10.333333333333334,google,1,22,33,0.6666666666666666
upper,lower,numeric,special,FQDN_count,entropy,labels,labels_max,labels_average,sld,subdomain,subdomain_length,len,longest_word
0,12,0,0,14,3.3787834934861767,3,6,4.0,adform,1,3,14,0.42857142857142855
upper,lower,numeric,special,FQDN_count,entropy,labels,labels_max,labels_average,sld,subdomain,subdomain_length,len,longest_word
0,12,0,0,14,3.182005814760214,3,6,4.0,reddit,1,3,14,0.42857142857142855
upper,lower,numeric,special,FQDN_count,entropy,labels,labels_max,labels_average,sld,subdomain,subdomain_length,len,longest_word
0,12,0,0,14,3.3787834934861767,3,6,4.0,adform,1,3,14,0.42857142857142855
upper,lower,numeric,special,FQDN_count,entropy,labels,labels_max,labels_average,sld,subdomain,subdomain_length,len,longest_word
0,12,0,0,14,3.3787834934861767,3,6,4.0,adform,1,3,14,0.42857142857142855
upper,lower,numeric,special,FQDN_count,entropy,labels,labels_max,labels_average,sld,subdomain,subdomain_length,len,longest_word
0,20,0,0,22,3.6412498004554794,3,11,6.666666666666667,redditspace,1,6,22,0.5
upper,lower,numeric,special,FQDN_count,entropy,labels,labels_max,labels_average,sld,subdomain,subdomain_length,len,longest_word
0,12,0,0,14,3.182005814760214,3,6,4.0,reddit,1,3,14,0.42857142857142855
upper,lower,numeric,special,FQDN_count,entropy,labels,labels_max,labels_average,sld,subdomain,subdomain_length,len,longest_word
0,12,0,0,14,3.3787834934861767,3,6,4.0,adform,1,3,14,0.42857142857142855
upper,lower,numeric,special,FQDN_count,entropy,labels,labels_max,labels_average,sld,subdomain,subdomain_length,len,longest_word
0,12,0,0,14,3.182005814760214,3,6,4.0,reddit,1,3,14,0.42857142857142855
upper,lower,numeric,special,FQDN_count,entropy,labels,labels_max,labels_average,sld,subdomain,subdomain_length,len,longest_word
0,12,0,0,14,3.182005814760214,3,6,4.0,reddit,1,3,14,0.42857142857142855
upper,lower,numeric,special,FQDN_count,entropy,labels,labels_max,labels_average,sld,subdomain,subdomain_length,len,longest_word
0,20,0,0,22,3.6412498004554794,3,11,6.666666666666667,redditspace,1,6,22,0.5
upper,lower,numeric,special,FQDN_count,entropy,labels,labels_max,labels_average,sld,subdomain,subdomain_length,len,longest_word
0,20,0,0,22,3.6412498004554794,3,11,6.666666666666667,redditspace,1,6,22,0.5
upper,lower,numeric,special,FQDN_count,entropy,labels,labels_max,labels_average,sld,subdomain,subdomain_length,len,longest_word
0,20,0,0,22,3.6412498004554794,3,11,6.666666666666667,redditspace,1,6,22,0.5
upper,lower,numeric,special,FQDN_count,entropy,labels,labels_max,labels_average,sld,subdomain,subdomain_length,len,longest_word
0,24,0,0,26,3.53641423712223,3,15,8.0,adsafeprotected,1,6,26,0.5769230769230769
upper,lower,numeric,special,FQDN_count,entropy,labels,labels_max,labels_average,sld,subdomain,subdomain_length,len,longest_word
0,24,0,0,26,3.53641423712223,3,15,8.0,adsafeprotected,1,6,26,0.5769230769230769
upper,lower,numeric,special,FQDN_count,entropy,labels,labels_max,labels_average,sld,subdomain,subdomain_length,len,longest_word
0,24,0,0,26,3.53641423712223,3,15,8.0,adsafeprotected,1,6,26,0.5769230769230769
upper,lower,numeric,special,FQDN_count,entropy,labels,labels_max,labels_average,sld,subdomain,subdomain_length,len,longest_word
0,24,0,0,26,3.53641423712223,3,15,8.0,adsafeprotected,1,6,26,0.5769230769230769
upper,lower,numeric,special,FQDN_count,entropy,labels,labels_max,labels_average,sld,subdomain,subdomain_length,len,longest_word
0,15,0,0,17,3.219528282299548,3,9,5.0,chartbeat,1,3,17,0.5294117647058824
upper,lower,numeric,special,FQDN_count,entropy,labels,labels_max,labels_average,sld,subdomain,subdomain_length,len,longest_word
0,28,0,1,31,3.821311940104173,3,16,9.666666666666666,googleapis,1,16,31,0.3225806451612903
upper,lower,numeric,special,FQDN_count,entropy,labels,labels_max,labels_average,sld,subdomain,subdomain_length,len,longest_word
0,28,0,1,31,3.821311940104173,3,16,9.666666666666666,googleapis,1,16,31,0.3225806451612903
upper,lower,numeric,special,FQDN_count,entropy,labels,labels_max,labels_average,sld,subdomain,subdomain_length,len,longest_word
0,28,0,1,31,3.821311940104173,3,16,9.666666666666666,googleapis,1,16,31,0.3225806451612903
upper,lower,numeric,special,FQDN_count,entropy,labels,labels_max,labels_average,sld,subdomain,subdomain_length,len,longest_word
0,28,0,1,31,3.821311940104173,3,16,9.666666666666666,googleapis,1,16,31,0.3225806451612903
upper,lower,numeric,special,FQDN_count,entropy,labels,labels_max,labels_average,sld,subdomain,subdomain_length,len,longest_word
0,15,0,0,17,3.219528282299548,3,9,5.0,chartbeat,1,3,17,0.5294117647058824
upper,lower,numeric,special,FQDN_count,entropy,labels,labels_max,labels_average,sld,subdomain,subdomain_length,len,longest_word
0,15,0,0,17,3.219528282299548,3,9,5.0,chartbeat,1,3,17,0.5294117647058824
upper,lower,numeric,special,FQDN_count,entropy,labels,labels_max,labels_average,sld,subdomain,subdomain_length,len,longest_word
0,28,0,1,31,3.821311940104173,3,16,9.666666666666666,googleapis,1,16,31,0.3225806451612903
upper,lower,numeric,special,FQDN_count,entropy,labels,labels_max,labels_average,sld,subdomain,subdomain_length,len,longest_word
0,28,0,1,31,3.821311940104173,3,16,9.666666666666666,googleapis,1,16,31,0.3225806451612903
upper,lower,numeric,special,FQDN_count,entropy,labels,labels_max,labels_average,sld,subdomain,subdomain_length,len,longest_word
0,28,0,1,31,3.821311940104173,3,16,9.666666666666666,googleapis,1,16,31,0.3225806451612903
upper,lower,numeric,special,FQDN_count,entropy,labels,labels_max,labels_average,sld,subdomain,subdomain_length,len,longest_word
0,28,0,1,31,3.821311940104173,3,16,9.666666666666666,googleapis,1,16,31,0.3225806451612903
upper,lower,numeric,special,FQDN_count,entropy,labels,labels_max,labels_average,sld,subdomain,subdomain_length,len,longest_word
0,15,0,0,17,3.219528282299548,3,9,5.0,chartbeat,1,3,17,0.5294117647058824
upper,lower,numeric,special,FQDN_count,entropy,labels,labels_max,labels_average,sld,subdomain,subdomain_length,len,longest_word
0,18,1,0,21,3.427333493898265,3,9,6.333333333333333,krepsinis,1,7,21,0.42857142857142855
upper,lower,numeric,special,FQDN_count,entropy,labels,labels_max,labels_average,sld,subdomain,subdomain_length,len,longest_word
0,21,0,0,23,3.675310868912364,3,10,7.0,googleapis,1,8,23,0.43478260869565216
upper,lower,numeric,special,FQDN_count,entropy,labels,labels_max,labels_average,sld,subdomain,subdomain_length,len,longest_word
0,18,1,0,21,3.427333493898265,3,9,6.333333333333333,krepsinis,1,7,21,0.42857142857142855
upper,lower,numeric,special,FQDN_count,entropy,labels,labels_max,labels_average,sld,subdomain,subdomain_length,len,longest_word
0,21,0,0,23,3.675310868912364,3,10,7.0,googleapis,1,8,23,0.43478260869565216
upper,lower,numeric,special,FQDN_count,entropy,labels,labels_max,labels_average,sld,subdomain,subdomain_length,len,longest_word
0,21,0,0,23,3.675310868912364,3,10,7.0,googleapis,1,8,23,0.43478260869565216
upper,lower,numeric,special,FQDN_count,entropy,labels,labels_max,labels_average,sld,subdomain,subdomain_length,len,longest_word
0,18,1,0,21,3.427333493898265,3,9,6.333333333333333,krepsinis,1,7,21,0.42857142857142855
upper,lower,numeric,special,FQDN_count,entropy,labels,labels_max,labels_average,sld,subdomain,subdomain_length,len,longest_word
0,21,0,0,23,3.675310868912364,3,10,7.0,googleapis,1,8,23,0.43478260869565216
upper,lower,numeric,special,FQDN_count,entropy,labels,labels_max,labels_average,sld,subdomain,subdomain_length,len,longest_word
0,18,1,0,21,3.427333493898265,3,9,6.333333333333333,krepsinis,1,7,21,0.42857142857142855
upper,lower,numeric,special,FQDN_count,entropy,labels,labels_max,labels_average,sld,subdomain,subdomain_length,len,longest_word
0,14,0,0,16,3.1556390622295662,3,8,4.666666666666667,facebook,1,3,16,0.5
upper,lower,numeric,special,FQDN_count,entropy,labels,labels_max,labels_average,sld,subdomain,subdomain_length,len,longest_word
0,14,0,0,16,3.1556390622295662,3,8,4.666666666666667,facebook,1,3,16,0.5
upper,lower,numeric,special,FQDN_count,entropy,labels,labels_max,labels_average,sld,subdomain,subdomain_length,len,longest_word
0,14,0,0,16,3.1556390622295662,3,8,4.666666666666667,facebook,1,3,16,0.5
upper,lower,numeric,special,FQDN_count,entropy,labels,labels_max,labels_average,sld,subdomain,subdomain_length,len,longest_word
0,14,0,0,16,3.1556390622295662,3,8,4.666666666666667,facebook,1,3,16,0.5
upper,lower,numeric,special,FQDN_count,entropy,labels,labels_max,labels_average,sld,subdomain,subdomain_length,len,longest_word
0,10,0,0,12,2.8553885422075336,3,6,3.3333333333333335,aaxads,1,1,12,0.5
upper,lower,numeric,special,FQDN_count,entropy,labels,labels_max,labels_average,sld,subdomain,subdomain_length,len,longest_word
0,10,0,0,12,2.8553885422075336,3,6,3.3333333333333335,aaxads,1,1,12,0.5
upper,lower,numeric,special,FQDN_count,entropy,labels,labels_max,labels_average,sld,subdomain,subdomain_length,len,longest_word
0,10,0,0,12,2.8553885422075336,3,6,3.3333333333333335,aaxads,1,1,12,0.5
upper,lower,numeric,special,FQDN_count,entropy,labels,labels_max,labels_average,sld,subdomain,subdomain_length,len,longest_word
0,10,0,0,12,2.8553885422075336,3,6,3.3333333333333335,aaxads,1,1,12,0.5
upper,lower,numeric,special,FQDN_count,entropy,labels,labels_max,labels_average,sld,subdomain,subdomain_length,len,longest_word
0,15,0,0,17,3.8521687236032816,3,8,5.0,btloader,1,4,17,0.47058823529411764
upper,lower,numeric,special,FQDN_count,entropy,labels,labels_max,labels_average,sld,subdomain,subdomain_length,len,longest_word
0,15,0,0,17,3.8521687236032816,3,8,5.0,btloader,1,4,17,0.47058823529411764
upper,lower,numeric,special,FQDN_count,entropy,labels,labels_max,labels_average,sld,subdomain,subdomain_length,len,longest_word
0,15,0,0,17,3.8521687236032816,3,8,5.0,btloader,1,4,17,0.47058823529411764
upper,lower,numeric,special,FQDN_count,entropy,labels,labels_max,labels_average,sld,subdomain,subdomain_length,len,longest_word
0,16,0,0,18,3.4613201402110088,3,9,5.333333333333333,chartbeat,1,4,18,0.5
upper,lower,numeric,special,FQDN_count,entropy,labels,labels_max,labels_average,sld,subdomain,subdomain_length,len,longest_word
0,16,0,0,18,3.4613201402110088,3,9,5.333333333333333,chartbeat,1,4,18,0.5
upper,lower,numeric,special,FQDN_count,entropy,labels,labels_max,labels_average,sld,subdomain,subdomain_length,len,longest_word
0,15,0,0,17,3.8521687236032816,3,8,5.0,btloader,1,4,17,0.47058823529411764
upper,lower,numeric,special,FQDN_count,entropy,labels,labels_max,labels_average,sld,subdomain,subdomain_length,len,longest_word
0,16,0,0,18,3.4613201402110088,3,9,5.333333333333333,chartbeat,1,4,18,0.5
upper,lower,numeric,special,FQDN_count,entropy,labels,labels_max,labels_average,sld,subdomain,subdomain_length,len,longest_word
0,16,0,0,18,3.4613201402110088,3,9,5.333333333333333,chartbeat,1,4,18,0.5
upper,lower,numeric,special,FQDN_count,entropy,labels,labels_max,labels_average,sld,subdomain,subdomain_length,len,longest_word
0,18,0,0,20,3.4464393446710155,3,12,6.0,redditstatic,1,3,20,0.6
upper,lower,numeric,special,FQDN_count,entropy,labels,labels_max,labels_average,sld,subdomain,subdomain_length,len,longest_word
0,17,0,0,19,3.366091329119193,3,8,5.666666666666667,google,1,8,19,0.42105263157894735
upper,lower,numeric,special,FQDN_count,entropy,labels,labels_max,labels_average,sld,subdomain,subdomain_length,len,longest_word
0,17,0,0,19,3.366091329119193,3,8,5.666666666666667,google,1,8,19,0.42105263157894735
upper,lower,numeric,special,FQDN_count,entropy,labels,labels_max,labels_average,sld,subdomain,subdomain_length,len,longest_word
0,18,0,0,20,3.4464393446710155,3,12,6.0,redditstatic,1,3,20,0.6
upper,lower,numeric,special,FQDN_count,entropy,labels,labels_max,labels_average,sld,subdomain,subdomain_length,len,longest_word
0,18,0,0,20,3.4464393446710155,3,12,6.0,redditstatic,1,3,20,0.6
upper,lower,numeric,special,FQDN_count,entropy,labels,labels_max,labels_average,sld,subdomain,subdomain_length,len,longest_word
0,17,0,0,19,3.366091329119193,3,8,5.666666666666667,google,1,8,19,0.42105263157894735
upper,lower,numeric,special,FQDN_count,entropy,labels,labels_max,labels_average,sld,subdomain,subdomain_length,len,longest_word
0,17,0,0,19,3.366091329119193,3,8,5.666666666666667,google,1,8,19,0.42105263157894735
upper,lower,numeric,special,FQDN_count,entropy,labels,labels_max,labels_average,sld,subdomain,subdomain_length,len,longest_word
0,18,0,0,20,3.4464393446710155,3,12,6.0,redditstatic,1,3,20,0.6
upper,lower,numeric,special,FQDN_count,entropy,labels,labels_max,labels_average,sld,subdomain,subdomain_length,len,longest_word
0,24,2,1,31,3.950344198168689,5,9,5.4,fbcdn,1,19,31,0.2903225806451613
upper,lower,numeric,special,FQDN_count,entropy,labels,labels_max,labels_average,sld,subdomain,subdomain_length,len,longest_word
0,24,2,1,31,3.950344198168689,5,9,5.4,fbcdn,1,19,31,0.2903225806451613
upper,lower,numeric,special,FQDN_count,entropy,labels,labels_max,labels_average,sld,subdomain,subdomain_length,len,longest_word
0,24,2,1,31,3.950344198168689,5,9,5.4,fbcdn,1,19,31,0.2903225806451613
upper,lower,numeric,special,FQDN_count,entropy,labels,labels_max,labels_average,sld,subdomain,subdomain_length,len,longest_word
0,24,2,1,31,3.950344198168689,5,9,5.4,fbcdn,1,19,31,0.2903225806451613
upper,lower,numeric,special,FQDN_count,entropy,labels,labels_max,labels_average,sld,subdomain,subdomain_length,len,longest_word
0,19,1,1,23,3.7950885863977324,3,12,7.0,reddit,1,12,23,0.391304347826087
upper,lower,numeric,special,FQDN_count,entropy,labels,labels_max,labels_average,sld,subdomain,subdomain_length,len,longest_word
0,19,1,1,23,3.7950885863977324,3,12,7.0,reddit,1,12,23,0.391304347826087
upper,lower,numeric,special,FQDN_count,entropy,labels,labels_max,labels_average,sld,subdomain,subdomain_length,len,longest_word
0,19,1,1,23,3.7950885863977324,3,12,7.0,reddit,1,12,23,0.391304347826087
upper,lower,numeric,special,FQDN_count,entropy,labels,labels_max,labels_average,sld,subdomain,subdomain_length,len,longest_word
0,19,1,1,23,3.7950885863977324,3,12,7.0,reddit,1,12,23,0.391304347826087
upper,lower,numeric,special,FQDN_count,entropy,labels,labels_max,labels_average,sld,subdomain,subdomain_length,len,longest_word
0,20,0,1,23,3.6753108689123644,3,11,7.0,setupad,1,11,23,0.30434782608695654
upper,lower,numeric,special,FQDN_count,entropy,labels,labels_max,labels_average,sld,subdomain,subdomain_length,len,longest_word
0,20,0,1,23,3.6753108689123644,3,11,7.0,setupad,1,11,23,0.30434782608695654
upper,lower,numeric,special,FQDN_count,entropy,labels,labels_max,labels_average,sld,subdomain,subdomain_length,len,longest_word
0,20,0,1,23,3.6753108689123644,3,11,7.0,setupad,1,11,23,0.30434782608695654
upper,lower,numeric,special,FQDN_count,entropy,labels,labels_max,labels_average,sld,subdomain,subdomain_length,len,longest_word
0,20,0,0,22,3.6978458230844122,3,9,6.666666666666667,pubmatic,1,9,22,0.4090909090909091
upper,lower,numeric,special,FQDN_count,entropy,labels,labels_max,labels_average,sld,subdomain,subdomain_length,len,longest_word
0,20,0,0,22,3.6978458230844122,3,9,6.666666666666667,pubmatic,1,9,22,0.4090909090909091
upper,lower,numeric,special,FQDN_count,entropy,labels,labels_max,labels_average,sld,subdomain,subdomain_length,len,longest_word
0,20,0,0,22,3.6978458230844122,3,9,6.666666666666667,pubmatic,1,9,22,0.4090909090909091
upper,lower,numeric,special,FQDN_count,entropy,labels,labels_max,labels_average,sld,subdomain,subdomain_length,len,longest_word
0,20,0,0,22,3.6978458230844122,3,9,6.666666666666667,pubmatic,1,9,22,0.4090909090909091
upper,lower,numeric,special,FQDN_count,entropy,labels,labels_max,labels_average,sld,subdomain,subdomain_length,len,longest_word
0,12,0,1,15,3.6402239289418516,3,6,4.333333333333333,a-mo,1,6,15,0.4
upper,lower,numeric,special,FQDN_count,entropy,labels,labels_max,labels_average,sld,subdomain,subdomain_length,len,longest_word
0,20,0,1,23,3.6753108689123644,3,11,7.0,setupad,1,11,23,0.30434782608695654
upper,lower,numeric,special,FQDN_count,entropy,labels,labels_max,labels_average,sld,subdomain,subdomain_length,len,longest_word
0,16,0,0,18,3.350209029099897,3,7,5.333333333333333,eskimi,1,7,18,0.3888888888888889
upper,lower,numeric,special,FQDN_count,entropy,labels,labels_max,labels_average,sld,subdomain,subdomain_length,len,longest_word
0,12,0,1,15,3.6402239289418516,3,6,4.333333333333333,a-mo,1,6,15,0.4
upper,lower,numeric,special,FQDN_count,entropy,labels,labels_max,labels_average,sld,subdomain,subdomain_length,len,longest_word
0,12,0,1,15,3.6402239289418516,3,6,4.333333333333333,a-mo,1,6,15,0.4
upper,lower,numeric,special,FQDN_count,entropy,labels,labels_max,labels_average,sld,subdomain,subdomain_length,len,longest_word
0,16,0,0,18,3.350209029099897,3,7,5.333333333333333,eskimi,1,7,18,0.3888888888888889
upper,lower,numeric,special,FQDN_count,entropy,labels,labels_max,labels_average,sld,subdomain,subdomain_length,len,longest_word
0,16,0,0,18,3.350209029099897,3,7,5.333333333333333,eskimi,1,7,18,0.3888888888888889
upper,lower,numeric,special,FQDN_count,entropy,labels,labels_max,labels_average,sld,subdomain,subdomain_length,len,longest_word
0,23,0,0,25,3.843856189774724,3,11,7.666666666666667,unrulymedia,1,9,25,0.44
upper,lower,numeric,special,FQDN_count,entropy,labels,labels_max,labels_average,sld,subdomain,subdomain_length,len,longest_word
0,11,0,0,13,3.085055102756477,3,5,3.6666666666666665,openx,1,3,13,0.38461538461538464
upper,lower,numeric,special,FQDN_count,entropy,labels,labels_max,labels_average,sld,subdomain,subdomain_length,len,longest_word
0,12,0,1,15,3.6402239289418516,3,6,4.333333333333333,a-mo,1,6,15,0.4
upper,lower,numeric,special,FQDN_count,entropy,labels,labels_max,labels_average,sld,subdomain,subdomain_length,len,longest_word
0,16,0,0,18,3.350209029099897,3,7,5.333333333333333,eskimi,1,7,18,0.3888888888888889
upper,lower,numeric,special,FQDN_count,entropy,labels,labels_max,labels_average,sld,subdomain,subdomain_length,len,longest_word
0,23,0,0,25,3.843856189774724,3,11,7.666666666666667,unrulymedia,1,9,25,0.44
upper,lower,numeric,special,FQDN_count,entropy,labels,labels_max,labels_average,sld,subdomain,subdomain_length,len,longest_word
0,23,0,0,25,3.843856189774724,3,11,7.666666666666667,unrulymedia,1,9,25,0.44
upper,lower,numeric,special,FQDN_count,entropy,labels,labels_max,labels_average,sld,subdomain,subdomain_length,len,longest_word
0,11,0,0,13,3.085055102756477,3,5,3.6666666666666665,openx,1,3,13,0.38461538461538464
upper,lower,numeric,special,FQDN_count,entropy,labels,labels_max,labels_average,sld,subdomain,subdomain_length,len,longest_word
0,11,0,0,13,3.085055102756477,3,5,3.6666666666666665,openx,1,3,13,0.38461538461538464
upper,lower,numeric,special,FQDN_count,entropy,labels,labels_max,labels_average,sld,subdomain,subdomain_length,len,longest_word
0,23,0,0,25,3.843856189774724,3,11,7.666666666666667,unrulymedia,1,9,25,0.44
upper,lower,numeric,special,FQDN_count,entropy,labels,labels_max,labels_average,sld,subdomain,subdomain_length,len,longest_word
0,14,0,0,16,3.327819531114783,3,6,4.666666666666667,media,1,6,16,0.375
upper,lower,numeric,special,FQDN_count,entropy,labels,labels_max,labels_average,sld,subdomain,subdomain_length,len,longest_word
0,20,0,0,22,3.879664004902593,3,11,6.666666666666667,smilewanted,1,6,22,0.5
upper,lower,numeric,special,FQDN_count,entropy,labels,labels_max,labels_average,sld,subdomain,subdomain_length,len,longest_word
0,11,0,0,13,3.085055102756477,3,5,3.6666666666666665,openx,1,3,13,0.38461538461538464
upper,lower,numeric,special,FQDN_count,entropy,labels,labels_max,labels_average,sld,subdomain,subdomain_length,len,longest_word
0,14,0,0,16,3.327819531114783,3,6,4.666666666666667,media,1,6,16,0.375
upper,lower,numeric,special,FQDN_count,entropy,labels,labels_max,labels_average,sld,subdomain,subdomain_length,len,longest_word
0,14,0,0,16,3.327819531114783,3,6,4.666666666666667,media,1,6,16,0.375
upper,lower,numeric,special,FQDN_count,entropy,labels,labels_max,labels_average,sld,subdomain,subdomain_length,len,longest_word
0,20,0,0,22,3.879664004902593,3,11,6.666666666666667,smilewanted,1,6,22,0.5
upper,lower,numeric,special,FQDN_count,entropy,labels,labels_max,labels_average,sld,subdomain,subdomain_length,len,longest_word
0,20,0,0,22,3.879664004902593,3,11,6.666666666666667,smilewanted,1,6,22,0.5
upper,lower,numeric,special,FQDN_count,entropy,labels,labels_max,labels_average,sld,subdomain,subdomain_length,len,longest_word
0,19,0,0,21,3.5351745656359026,3,13,6.333333333333333,smartadserver,1,3,21,0.6190476190476191
upper,lower,numeric,special,FQDN_count,entropy,labels,labels_max,labels_average,sld,subdomain,subdomain_length,len,longest_word
0,14,0,0,16,3.327819531114783,3,6,4.666666666666667,media,1,6,16,0.375
upper,lower,numeric,special,FQDN_count,entropy,labels,labels_max,labels_average,sld,subdomain,subdomain_length,len,longest_word
0,19,0,0,21,3.5351745656359026,3,13,6.333333333333333,smartadserver,1,3,21,0.6190476190476191
upper,lower,numeric,special,FQDN_count,entropy,labels,labels_max,labels_average,sld,subdomain,subdomain_length,len,longest_word
0,20,0,0,22,3.879664004902593,3,11,6.666666666666667,smilewanted,1,6,22,0.5
upper,lower,numeric,special,FQDN_count,entropy,labels,labels_max,labels_average,sld,subdomain,subdomain_length,len,longest_word
0,12,0,0,14,3.2359263506290334,3,6,4.0,criteo,1,3,14,0.42857142857142855
upper,lower,numeric,special,FQDN_count,entropy,labels,labels_max,labels_average,sld,subdomain,subdomain_length,len,longest_word
0,12,0,0,14,3.2359263506290334,3,6,4.0,criteo,1,3,14,0.42857142857142855
upper,lower,numeric,special,FQDN_count,entropy,labels,labels_max,labels_average,sld,subdomain,subdomain_length,len,longest_word
0,12,0,0,14,3.2359263506290334,3,6,4.0,criteo,1,3,14,0.42857142857142855
upper,lower,numeric,special,FQDN_count,entropy,labels,labels_max,labels_average,sld,subdomain,subdomain_length,len,longest_word
0,12,0,0,14,3.2359263506290334,3,6,4.0,criteo,1,3,14,0.42857142857142855
upper,lower,numeric,special,FQDN_count,entropy,labels,labels_max,labels_average,sld,subdomain,subdomain_length,len,longest_word
0,45,16,0,64,4.1617384298164914,4,32,15.25,googlesyndication,1,41,64,0.265625
upper,lower,numeric,special,FQDN_count,entropy,labels,labels_max,labels_average,sld,subdomain,subdomain_length,len,longest_word
0,45,16,0,64,4.1617384298164914,4,32,15.25,googlesyndication,1,41,64,0.265625
upper,lower,numeric,special,FQDN_count,entropy,labels,labels_max,labels_average,sld,subdomain,subdomain_length,len,longest_word
0,45,16,0,64,4.1617384298164914,4,32,15.25,googlesyndication,1,41,64,0.265625
upper,lower,numeric,special,FQDN_count,entropy,labels,labels_max,labels_average,sld,subdomain,subdomain_length,len,longest_word
0,45,16,0,64,4.1617384298164914,4,32,15.25,googlesyndication,1,41,64,0.265625
upper,lower,numeric,special,FQDN_count,entropy,labels,labels_max,labels_average,sld,subdomain,subdomain_length,len,longest_word
0,20,0,1,23,3.7081320646586025,3,12,7.0,reddit,1,12,23,0.34782608695652173
upper,lower,numeric,special,FQDN_count,entropy,labels,labels_max,labels_average,sld,subdomain,subdomain_length,len,longest_word
0,20,0,1,23,3.7081320646586025,3,12,7.0,reddit,1,12,23,0.34782608695652173
upper,lower,numeric,special,FQDN_count,entropy,labels,labels_max,labels_average,sld,subdomain,subdomain_length,len,longest_word
0,20,0,1,23,3.7081320646586025,3,12,7.0,reddit,1,12,23,0.34782608695652173
upper,lower,numeric,special,FQDN_count,entropy,labels,labels_max,labels_average,sld,subdomain,subdomain_length,len,longest_word
0,20,0,1,23,3.7081320646586025,3,12,7.0,reddit,1,12,23,0.34782608695652173
upper,lower,numeric,special,FQDN_count,entropy,labels,labels_max,labels_average,sld,subdomain,subdomain_length,len,longest_word
0,17,0,0,19,3.5766176449086675,3,9,5.666666666666667,instagram,1,5,19,0.47368421052631576
upper,lower,numeric,special,FQDN_count,entropy,labels,labels_max,labels_average,sld,subdomain,subdomain_length,len,longest_word
0,17,0,0,19,3.5766176449086675,3,9,5.666666666666667,instagram,1,5,19,0.47368421052631576
upper,lower,numeric,special,FQDN_count,entropy,labels,labels_max,labels_average,sld,subdomain,subdomain_length,len,longest_word
0,17,0,0,19,3.5766176449086675,3,9,5.666666666666667,instagram,1,5,19,0.47368421052631576
upper,lower,numeric,special,FQDN_count,entropy,labels,labels_max,labels_average,sld,subdomain,subdomain_length,len,longest_word
0,44,1,1,51,4.295193362412134,6,15,7.666666666666667,a2z,1,40,51,0.21568627450980393
upper,lower,numeric,special,FQDN_count,entropy,labels,labels_max,labels_average,sld,subdomain,subdomain_length,len,longest_word
0,44,1,1,51,4.295193362412134,6,15,7.666666666666667,a2z,1,40,51,0.21568627450980393
upper,lower,numeric,special,FQDN_count,entropy,labels,labels_max,labels_average,sld,subdomain,subdomain_length,len,longest_word
0,44,1,1,51,4.295193362412134,6,15,7.666666666666667,a2z,1,40,51,0.21568627450980393
upper,lower,numeric,special,FQDN_count,entropy,labels,labels_max,labels_average,sld,subdomain,subdomain_length,len,longest_word
0,17,0,0,19,3.5766176449086675,3,9,5.666666666666667,instagram,1,5,19,0.47368421052631576
upper,lower,numeric,special,FQDN_count,entropy,labels,labels_max,labels_average,sld,subdomain,subdomain_length,len,longest_word
0,44,1,1,51,4.295193362412134,6,15,7.666666666666667,a2z,1,40,51,0.21568627450980393
upper,lower,numeric,special,FQDN_count,entropy,labels,labels_max,labels_average,sld,subdomain,subdomain_length,len,longest_word
0,10,1,0,13,3.5465935642949384,3,6,3.6666666666666665,adform,1,2,13,0.46153846153846156
upper,lower,numeric,special,FQDN_count,entropy,labels,labels_max,labels_average,sld,subdomain,subdomain_length,len,longest_word
0,10,1,0,13,3.5465935642949384,3,6,3.6666666666666665,adform,1,2,13,0.46153846153846156
upper,lower,numeric,special,FQDN_count,entropy,labels,labels_max,labels_average,sld,subdomain,subdomain_length,len,longest_word
0,10,1,0,13,3.5465935642949384,3,6,3.6666666666666665,adform,1,2,13,0.46153846153846156
upper,lower,numeric,special,FQDN_count,entropy,labels,labels_max,labels_average,sld,subdomain,subdomain_length,len,longest_word
0,10,1,0,13,3.5465935642949384,3,6,3.6666666666666665,adform,1,2,13,0.46153846153846156
0,12,0,0,14,2.8423709931771093,3,6,4.0,google,1,3,14,0.42857142857142855
0,12,0,0,14,2.8423709931771093,3,6,4.0,google,1,3,14,0.42857142857142855
0,12,0,0,14,2.8423709931771093,3,6,4.0,google,1,3,14,0.42857142857142855
0,12,0,0,14,2.8423709931771093,3,6,4.0,google,1,3,14,0.42857142857142855
0,11,1,0,14,3.039148671903072,3,6,4.0,google,1,3,14,0.42857142857142855
0,11,1,0,14,3.039148671903072,3,6,4.0,google,1,3,14,0.42857142857142855
0,11,1,0,14,3.039148671903072,3,6,4.0,google,1,3,14,0.42857142857142855
0,23,1,1,28,3.8248629576173565,4,8,6.25,google,1,16,28,0.25
0,23,1,1,28,3.8248629576173565,4,8,6.25,google,1,16,28,0.25
0,23,1,1,28,3.8248629576173565,4,8,6.25,google,1,16,28,0.25
0,23,1,1,28,3.8248629576173565,4,8,6.25,google,1,16,28,0.25
0,13,0,0,15,3.189898095464287,3,6,4.333333333333333,google,1,4,15,0.4
0,13,0,0,15,3.189898095464287,3,6,4.333333333333333,google,1,4,15,0.4
0,13,0,0,15,3.189898095464287,3,6,4.333333333333333,google,1,4,15,0.4
0,13,0,0,15,3.189898095464287,3,6,4.333333333333333,google,1,4,15,0.4
0,14,0,0,16,3.327819531114783,3,8,4.666666666666667,linkedin,1,3,16,0.5
0,14,0,0,16,3.327819531114783,3,8,4.666666666666667,linkedin,1,3,16,0.5
0,14,0,0,16,3.327819531114783,3,8,4.666666666666667,linkedin,1,3,16,0.5
0,14,0,0,16,3.327819531114783,3,8,4.666666666666667,linkedin,1,3,16,0.5
0,13,0,0,15,3.1898980954642866,3,7,4.333333333333333,youtube,1,3,15,0.4666666666666667
0,13,0,0,15,3.1898980954642866,3,7,4.333333333333333,youtube,1,3,15,0.4666666666666667
0,13,0,0,15,3.1898980954642866,3,7,4.333333333333333,youtube,1,3,15,0.4666666666666667
0,13,0,0,15,3.1898980954642866,3,7,4.333333333333333,youtube,1,3,15,0.4666666666666667
0,9,0,0,11,2.9139770731827523,3,5,3.0,ytimg,1,1,11,0.45454545454545453
0,9,0,0,11,2.9139770731827523,3,5,3.0,ytimg,1,1,11,0.45454545454545453
0,9,0,0,11,2.9139770731827523,3,5,3.0,ytimg,1,1,11,0.45454545454545453
0,15,0,0,17,3.3371753411230776,3,7,5.0,gstatic,1,5,17,0.4117647058823529
0,9,0,0,11,2.9139770731827523,3,5,3.0,ytimg,1,1,11,0.45454545454545453
0,15,0,0,17,3.3371753411230776,3,7,5.0,gstatic,1,5,17,0.4117647058823529
0,15,0,0,17,3.3371753411230776,3,7,5.0,gstatic,1,5,17,0.4117647058823529
0,15,0,0,17,3.3371753411230776,3,7,5.0,gstatic,1,5,17,0.4117647058823529
0,11,1,0,14,3.039148671903072,3,6,4.0,google,1,3,14,0.42857142857142855
0,24,0,0,27,3.726204631392457,4,11,6.0,doubleclick,1,10,27,0.4074074074074074
0,24,0,0,27,3.726204631392457,4,11,6.0,doubleclick,1,10,27,0.4074074074074074
0,24,0,0,27,3.726204631392457,4,11,6.0,doubleclick,1,10,27,0.4074074074074074
0,28,0,1,31,3.821311940104173,3,16,9.666666666666666,googleapis,1,16,31,0.3225806451612903
0,28,0,1,31,3.821311940104173,3,16,9.666666666666666,googleapis,1,16,31,0.3225806451612903
0,28,0,1,31,3.821311940104173,3,16,9.666666666666666,googleapis,1,16,31,0.3225806451612903
0,24,0,0,27,3.726204631392457,4,11,6.0,doubleclick,1,10,27,0.4074074074074074
0,10,1,0,13,3.238901256602631,3,5,3.6666666666666665,ggpht,1,3,13,0.38461538461538464
0,10,1,0,13,3.238901256602631,3,5,3.6666666666666665,ggpht,1,3,13,0.38461538461538464
0,10,1,0,13,3.238901256602631,3,5,3.6666666666666665,ggpht,1,3,13,0.38461538461538464
0,10,1,0,13,3.238901256602631,3,5,3.6666666666666665,ggpht,1,3,13,0.38461538461538464
0,13,0,0,15,3.189898095464287,3,7,4.333333333333333,gstatic,1,3,15,0.4666666666666667
0,13,0,0,15,3.189898095464287,3,7,4.333333333333333,gstatic,1,3,15,0.4666666666666667
0,13,0,0,15,3.189898095464287,3,7,4.333333333333333,gstatic,1,3,15,0.4666666666666667
0,13,0,0,15,3.189898095464287,3,7,4.333333333333333,gstatic,1,3,15,0.4666666666666667
0,26,0,0,27,4.004344446367529,2,23,13.0,returnyoutubedislikeapi,0,0,27,0.8518518518518519
0,26,0,0,27,4.004344446367529,2,23,13.0,returnyoutubedislikeapi,0,0,27,0.8518518518518519
0,26,0,0,27,4.004344446367529,2,23,13.0,returnyoutubedislikeapi,0,0,27,0.8518518518518519
0,26,0,0,27,4.004344446367529,2,23,13.0,returnyoutubedislikeapi,0,0,27,0.8518518518518519
0,28,0,1,31,3.821311940104173,3,16,9.666666666666666,googleapis,1,16,31,0.3225806451612903
0,18,0,0,20,3.4086949695628417,3,8,6.0,youtube,1,8,20,0.4
0,18,0,0,20,3.4086949695628417,3,8,6.0,youtube,1,8,20,0.4
0,18,0,0,20,3.4086949695628417,3,8,6.0,youtube,1,8,20,0.4
0,18,0,0,20,3.4086949695628417,3,8,6.0,youtube,1,8,20,0.4
0,20,0,0,22,3.6635327548042538,3,11,6.666666666666667,doubleclick,1,6,22,0.5
0,20,0,0,22,3.6635327548042538,3,11,6.666666666666667,doubleclick,1,6,22,0.5
0,20,0,0,22,3.6635327548042538,3,11,6.666666666666667,doubleclick,1,6,22,0.5
0,20,0,0,22,3.6635327548042538,3,11,6.666666666666667,doubleclick,1,6,22,0.5
0,5,1,0,8,2.5,3,3,2.0,6sc,1,1,8,0.25
0,5,1,0,8,2.5,3,3,2.0,6sc,1,1,8,0.25
0,5,1,0,8,2.5,3,3,2.0,6sc,1,1,8,0.25
0,5,1,0,8,2.5,3,3,2.0,6sc,1,1,8,0.25
0,32,0,1,35,3.829741775363136,3,20,11.0,googleapis,1,20,35,0.4857142857142857
0,32,0,1,35,3.829741775363136,3,20,11.0,googleapis,1,20,35,0.4857142857142857
0,32,0,1,35,3.829741775363136,3,20,11.0,googleapis,1,20,35,0.4857142857142857
0,32,0,1,35,3.829741775363136,3,20,11.0,googleapis,1,20,35,0.4857142857142857
0,24,4,5,35,4.068728288980288,3,19,11.0,googlevideo,1,19,35,0.3142857142857143
0,24,4,5,35,4.068728288980288,3,19,11.0,googlevideo,1,19,35,0.3142857142857143
0,24,4,5,35,4.068728288980288,3,19,11.0,googlevideo,1,19,35,0.3142857142857143
0,24,4,5,35,4.068728288980288,3,19,11.0,googlevideo,1,19,35,0.3142857142857143
0,18,0,0,20,3.621928094887362,3,10,6.0,googleapis,1,5,20,0.5
0,18,0,0,20,3.621928094887362,3,10,6.0,googleapis,1,5,20,0.5
0,18,0,0,20,3.621928094887362,3,10,6.0,googleapis,1,5,20,0.5
0,18,0,0,20,3.621928094887362,3,10,6.0,googleapis,1,5,20,0.5
0,12,0,0,14,2.8423709931771093,3,6,4.0,google,1,3,14,0.42857142857142855
0,12,0,0,14,2.8423709931771093,3,6,4.0,google,1,3,14,0.42857142857142855
0,12,0,0,14,2.8423709931771093,3,6,4.0,google,1,3,14,0.42857142857142855
0,12,0,0,14,2.8423709931771093,3,6,4.0,google,1,3,14,0.42857142857142855
0,11,0,0,13,2.7192945256669794,3,6,3.6666666666666665,google,1,3,13,0.46153846153846156
0,11,0,0,13,2.7192945256669794,3,6,3.6666666666666665,google,1,3,13,0.46153846153846156
0,11,0,0,13,2.7192945256669794,3,6,3.6666666666666665,google,1,3,13,0.46153846153846156
0,11,0,0,13,2.7192945256669794,3,6,3.6666666666666665,google,1,3,13,0.46153846153846156
0,9,1,0,12,3.084962500721156,3,5,3.3333333333333335,ytimg,1,2,12,0.4166666666666667
0,9,1,0,12,3.084962500721156,3,5,3.3333333333333335,ytimg,1,2,12,0.4166666666666667
0,9,1,0,12,3.084962500721156,3,5,3.3333333333333335,ytimg,1,2,12,0.4166666666666667
0,9,1,0,12,3.084962500721156,3,5,3.3333333333333335,ytimg,1,2,12,0.4166666666666667
0,12,0,0,14,3.182005814760214,3,6,4.0,reddit,1,3,14,0.42857142857142855
0,12,0,0,14,3.182005814760214,3,6,4.0,reddit,1,3,14,0.42857142857142855
0,12,0,0,14,3.182005814760214,3,6,4.0,reddit,1,3,14,0.42857142857142855
0,20,0,0,22,3.6412498004554794,3,11,6.666666666666667,redditspace,1,6,22,0.5
0,20,0,0,22,3.6412498004554794,3,11,6.666666666666667,redditspace,1,6,22,0.5
0,20,0,0,22,3.6412498004554794,3,11,6.666666666666667,redditspace,1,6,22,0.5
0,12,0,0,14,3.182005814760214,3,6,4.0,reddit,1,3,14,0.42857142857142855
0,20,0,0,22,3.6412498004554794,3,11,6.666666666666667,redditspace,1,6,22,0.5
0,19,1,1,23,3.7950885863977324,3,12,7.0,reddit,1,12,23,0.391304347826087
0,19,1,1,23,3.7950885863977324,3,12,7.0,reddit,1,12,23,0.391304347826087
0,19,1,1,23,3.7950885863977324,3,12,7.0,reddit,1,12,23,0.391304347826087
0,19,1,1,23,3.7950885863977324,3,12,7.0,reddit,1,12,23,0.391304347826087
0,28,0,1,31,3.821311940104173,3,16,9.666666666666666,googleapis,1,16,31,0.3225806451612903
0,28,0,1,31,3.821311940104173,3,16,9.666666666666666,googleapis,1,16,31,0.3225806451612903
0,28,0,1,31,3.821311940104173,3,16,9.666666666666666,googleapis,1,16,31,0.3225806451612903
0,28,0,1,31,3.821311940104173,3,16,9.666666666666666,googleapis,1,16,31,0.3225806451612903
0,14,0,0,16,3.1556390622295662,3,8,4.666666666666667,facebook,1,3,16,0.5
0,14,0,0,16,3.1556390622295662,3,8,4.666666666666667,facebook,1,3,16,0.5
0,14,0,0,16,3.1556390622295662,3,8,4.666666666666667,facebook,1,3,16,0.5
0,14,0,0,16,3.1556390622295662,3,8,4.666666666666667,facebook,1,3,16,0.5
0,23,2,1,30,3.6062389286533896,5,8,5.2,fbcdn,1,18,30,0.26666666666666666
0,23,2,1,30,3.6062389286533896,5,8,5.2,fbcdn,1,18,30,0.26666666666666666
0,23,2,1,30,3.6062389286533896,5,8,5.2,fbcdn,1,18,30,0.26666666666666666
0,23,2,1,30,3.6062389286533896,5,8,5.2,fbcdn,1,18,30,0.26666666666666666
0,18,1,0,21,3.427333493898265,3,9,6.333333333333333,krepsinis,1,7,21,0.42857142857142855
0,18,1,0,21,3.427333493898265,3,9,6.333333333333333,krepsinis,1,7,21,0.42857142857142855
0,18,1,0,21,3.427333493898265,3,9,6.333333333333333,krepsinis,1,7,21,0.42857142857142855
0,18,1,0,21,3.427333493898265,3,9,6.333333333333333,krepsinis,1,7,21,0.42857142857142855
0,24,0,0,27,3.726204631392457,4,11,6.0,doubleclick,1,10,27,0.4074074074074074
0,23,0,0,25,3.7336606896881848,3,17,7.666666666666667,googlesyndication,1,3,25,0.68
0,12,0,0,14,3.3787834934861767,3,6,4.0,adform,1,3,14,0.42857142857142855
0,23,0,0,25,3.7336606896881848,3,17,7.666666666666667,googlesyndication,1,3,25,0.68
0,24,0,0,27,3.726204631392457,4,11,6.0,doubleclick,1,10,27,0.4074074074074074
0,24,0,0,27,3.726204631392457,4,11,6.0,doubleclick,1,10,27,0.4074074074074074
0,23,0,0,25,3.7336606896881848,3,17,7.666666666666667,googlesyndication,1,3,25,0.68
0,12,0,0,14,3.3787834934861767,3,6,4.0,adform,1,3,14,0.42857142857142855
0,23,0,0,25,3.7336606896881848,3,17,7.666666666666667,googlesyndication,1,3,25,0.68
0,24,0,0,27,3.726204631392457,4,11,6.0,doubleclick,1,10,27,0.4074074074074074
0,12,0,0,14,3.3787834934861767,3,6,4.0,adform,1,3,14,0.42857142857142855
0,12,0,0,14,3.3787834934861767,3,6,4.0,adform,1,3,14,0.42857142857142855
0,14,0,0,16,3.5,3,6,4.666666666666667,adform,1,5,16,0.375
0,14,0,0,16,3.5,3,6,4.666666666666667,adform,1,5,16,0.375
0,14,0,0,16,3.5,3,6,4.666666666666667,adform,1,5,16,0.375
0,14,0,0,16,3.5,3,6,4.666666666666667,adform,1,5,16,0.375
0,27,0,0,30,3.8980685120588383,4,12,6.75,doubleclick,1,13,30,0.4
0,27,0,0,30,3.8980685120588383,4,12,6.75,doubleclick,1,13,30,0.4
0,27,0,0,30,3.8980685120588383,4,12,6.75,doubleclick,1,13,30,0.4
0,27,0,0,30,3.8980685120588383,4,12,6.75,doubleclick,1,13,30,0.4
0,26,1,0,29,3.8404025467025056,3,17,9.0,googlesyndication,1,7,29,0.5862068965517241
0,26,1,0,29,3.8404025467025056,3,17,9.0,googlesyndication,1,7,29,0.5862068965517241
0,26,1,0,29,3.8404025467025056,3,17,9.0,googlesyndication,1,7,29,0.5862068965517241
0,26,1,0,29,3.8404025467025056,3,17,9.0,googlesyndication,1,7,29,0.5862068965517241
0,22,1,2,27,3.8841550945958048,3,16,8.333333333333334,reddit,1,16,27,0.3333333333333333
0,22,1,2,27,3.8841550945958048,3,16,8.333333333333334,reddit,1,16,27,0.3333333333333333
0,22,1,2,27,3.8841550945958048,3,16,8.333333333333334,reddit,1,16,27,0.3333333333333333
0,22,1,2,27,3.8841550945958048,3,16,8.333333333333334,reddit,1,16,27,0.3333333333333333
0,13,0,0,14,3.2359263506290334,2,10,6.5,discordapp,0,0,14,0.7142857142857143
0,13,0,0,14,3.2359263506290334,2,10,6.5,discordapp,0,0,14,0.7142857142857143
0,13,0,0,14,3.2359263506290334,2,10,6.5,discordapp,0,0,14,0.7142857142857143
0,13,0,0,14,3.2359263506290334,2,10,6.5,discordapp,0,0,14,0.7142857142857143
0,16,0,0,18,3.4613201402110088,3,9,5.333333333333333,chartbeat,1,4,18,0.5
0,16,0,0,18,3.4613201402110088,3,9,5.333333333333333,chartbeat,1,4,18,0.5
0,16,0,0,18,3.4613201402110088,3,9,5.333333333333333,chartbeat,1,4,18,0.5
0,16,0,0,18,3.4613201402110088,3,9,5.333333333333333,chartbeat,1,4,18,0.5
0,16,0,0,18,3.614369445886757,3,9,5.333333333333333,archlinux,1,4,18,0.5
0,16,0,0,18,3.614369445886757,3,9,5.333333333333333,archlinux,1,4,18,0.5
0,16,0,0,18,3.614369445886757,3,9,5.333333333333333,archlinux,1,4,18,0.5
0,16,0,0,18,3.614369445886757,3,9,5.333333333333333,archlinux,1,4,18,0.5
0,9,0,0,10,3.121928094887362,2,5,4.5,stpd,0,0,10,0.5
0,9,0,0,10,3.121928094887362,2,5,4.5,stpd,0,0,10,0.5
0,9,0,0,10,3.121928094887362,2,5,4.5,stpd,0,0,10,0.5
0,9,0,0,10,3.121928094887362,2,5,4.5,stpd,0,0,10,0.5
0,12,0,0,14,3.2359263506290334,3,6,4.0,criteo,1,3,14,0.42857142857142855
0,12,0,0,14,3.2359263506290334,3,6,4.0,criteo,1,3,14,0.42857142857142855
0,12,0,0,14,3.2359263506290334,3,6,4.0,criteo,1,3,14,0.42857142857142855
0,12,0,0,14,3.2359263506290334,3,6,4.0,criteo,1,3,14,0.42857142857142855
0,20,0,1,23,3.6753108689123644,3,11,7.0,setupad,1,11,23,0.30434782608695654
0,20,0,1,23,3.6753108689123644,3,11,7.0,setupad,1,11,23,0.30434782608695654
0,20,0,1,23,3.6753108689123644,3,11,7.0,setupad,1,11,23,0.30434782608695654
0,13,0,0,15,3.189898095464287,3,6,4.333333333333333,eskimi,1,4,15,0.4
0,13,0,0,15,3.189898095464287,3,6,4.333333333333333,eskimi,1,4,15,0.4
0,13,0,0,15,3.189898095464287,3,6,4.333333333333333,eskimi,1,4,15,0.4
0,12,0,1,15,3.6402239289418516,3,6,4.333333333333333,a-mo,1,6,15,0.4
0,12,0,1,15,3.6402239289418516,3,6,4.333333333333333,a-mo,1,6,15,0.4
0,13,0,0,15,3.189898095464287,3,6,4.333333333333333,eskimi,1,4,15,0.4
0,12,0,1,15,3.6402239289418516,3,6,4.333333333333333,a-mo,1,6,15,0.4
0,20,0,1,23,3.6753108689123644,3,11,7.0,setupad,1,11,23,0.30434782608695654
0,19,0,1,22,3.4474015047059154,3,11,6.666666666666667,criteo,1,11,22,0.2727272727272727
0,23,0,0,25,3.843856189774724,3,11,7.666666666666667,unrulymedia,1,9,25,0.44
0,20,0,0,22,3.879664004902593,3,11,6.666666666666667,smilewanted,1,6,22,0.5
0,12,0,1,15,3.6402239289418516,3,6,4.333333333333333,a-mo,1,6,15,0.4
0,19,0,1,22,3.4474015047059154,3,11,6.666666666666667,criteo,1,11,22,0.2727272727272727
0,19,0,1,22,3.4474015047059154,3,11,6.666666666666667,criteo,1,11,22,0.2727272727272727
0,19,0,0,21,3.5351745656359026,3,13,6.333333333333333,smartadserver,1,3,21,0.6190476190476191
0,20,0,0,22,3.879664004902593,3,11,6.666666666666667,smilewanted,1,6,22,0.5
0,19,0,1,22,3.4474015047059154,3,11,6.666666666666667,criteo,1,11,22,0.2727272727272727
0,20,0,0,22,3.879664004902593,3,11,6.666666666666667,smilewanted,1,6,22,0.5
0,23,0,0,25,3.843856189774724,3,11,7.666666666666667,unrulymedia,1,9,25,0.44
0,23,0,0,25,3.843856189774724,3,11,7.666666666666667,unrulymedia,1,9,25,0.44
0,11,0,0,13,3.085055102756477,3,5,3.6666666666666665,openx,1,3,13,0.38461538461538464
0,19,0,0,21,3.5351745656359026,3,13,6.333333333333333,smartadserver,1,3,21,0.6190476190476191
0,23,0,0,25,3.843856189774724,3,11,7.666666666666667,unrulymedia,1,9,25,0.44
0,14,0,0,16,3.327819531114783,3,6,4.666666666666667,media,1,6,16,0.375
0,11,0,0,13,3.085055102756477,3,5,3.6666666666666665,openx,1,3,13,0.38461538461538464
0,11,0,0,13,3.085055102756477,3,5,3.6666666666666665,openx,1,3,13,0.38461538461538464
0,22,0,1,25,3.813660689688185,3,11,7.666666666666667,creativecdn,1,9,25,0.44
0,14,0,0,16,3.327819531114783,3,6,4.666666666666667,media,1,6,16,0.375
0,14,0,0,16,3.327819531114783,3,6,4.666666666666667,media,1,6,16,0.375
0,11,0,0,13,3.085055102756477,3,5,3.6666666666666665,openx,1,3,13,0.38461538461538464
0,20,0,0,22,3.879664004902593,3,11,6.666666666666667,smilewanted,1,6,22,0.5
0,22,0,1,25,3.813660689688185,3,11,7.666666666666667,creativecdn,1,9,25,0.44
0,22,0,1,25,3.813660689688185,3,11,7.666666666666667,creativecdn,1,9,25,0.44
0,14,0,0,16,3.327819531114783,3,6,4.666666666666667,media,1,6,16,0.375
0,10,0,0,12,3.418295834054489,3,5,3.3333333333333335,adnxs,1,2,12,0.4166666666666667
0,22,0,1,25,3.813660689688185,3,11,7.666666666666667,creativecdn,1,9,25,0.44
0,10,0,0,12,3.2516291673878226,3,5,3.3333333333333335,lijit,1,2,12,0.4166666666666667
0,10,0,0,12,3.418295834054489,3,5,3.3333333333333335,adnxs,1,2,12,0.4166666666666667
0,10,0,0,12,3.418295834054489,3,5,3.3333333333333335,adnxs,1,2,12,0.4166666666666667
0,10,0,0,12,3.2516291673878226,3,5,3.3333333333333335,lijit,1,2,12,0.4166666666666667
0,10,0,0,12,3.2516291673878226,3,5,3.3333333333333335,lijit,1,2,12,0.4166666666666667
0,10,0,0,12,3.2516291673878226,3,5,3.3333333333333335,lijit,1,2,12,0.4166666666666667
0,10,0,0,12,3.418295834054489,3,5,3.3333333333333335,adnxs,1,2,12,0.4166666666666667
0,24,1,0,27,3.986187965046304,3,16,8.333333333333334,adtrafficquality,1,3,27,0.5925925925925926
0,24,1,0,27,3.986187965046304,3,16,8.333333333333334,adtrafficquality,1,3,27,0.5925925925925926
0,24,1,0,27,3.986187965046304,3,16,8.333333333333334,adtrafficquality,1,3,27,0.5925925925925926
0,24,1,0,27,3.986187965046304,3,16,8.333333333333334,adtrafficquality,1,3,27,0.5925925925925926
0,46,15,0,64,4.288298827786958,4,32,15.25,googlesyndication,1,41,64,0.265625
0,46,15,0,64,4.288298827786958,4,32,15.25,googlesyndication,1,41,64,0.265625
0,46,15,0,64,4.288298827786958,4,32,15.25,googlesyndication,1,41,64,0.265625
0,12,0,0,14,2.8423709931771093,3,6,4.0,google,1,3,14,0.42857142857142855
0,12,0,0,14,2.8423709931771093,3,6,4.0,google,1,3,14,0.42857142857142855
0,12,0,0,14,2.8423709931771093,3,6,4.0,google,1,3,14,0.42857142857142855
0,12,0,0,14,2.8423709931771093,3,6,4.0,google,1,3,14,0.42857142857142855
0,46,15,0,64,4.288298827786958,4,32,15.25,googlesyndication,1,41,64,0.265625
0,26,1,0,29,3.8404025467025056,3,17,9.0,googlesyndication,1,7,29,0.5862068965517241
0,26,1,0,29,3.8404025467025056,3,17,9.0,googlesyndication,1,7,29,0.5862068965517241
0,26,1,0,29,3.8404025467025056,3,17,9.0,googlesyndication,1,7,29,0.5862068965517241
0,26,1,0,29,3.8404025467025056,3,17,9.0,googlesyndication,1,7,29,0.5862068965517241
0,24,0,0,27,3.726204631392457,4,11,6.0,doubleclick,1,10,27,0.4074074074074074
0,14,0,0,16,3.5,3,6,4.666666666666667,adform,1,5,16,0.375
0,24,0,0,27,3.726204631392457,4,11,6.0,doubleclick,1,10,27,0.4074074074074074
0,24,0,0,27,3.726204631392457,4,11,6.0,doubleclick,1,10,27,0.4074074074074074
0,14,0,0,16,3.5,3,6,4.666666666666667,adform,1,5,16,0.375
0,14,0,0,16,3.5,3,6,4.666666666666667,adform,1,5,16,0.375
0,14,0,0,16,3.5,3,6,4.666666666666667,adform,1,5,16,0.375
0,24,0,0,27,3.726204631392457,4,11,6.0,doubleclick,1,10,27,0.4074074074074074
0,20,0,0,23,3.6424896731661263,4,9,5.0,yahoo,1,12,23,0.391304347826087
0,17,0,0,20,3.646439344671015,4,11,4.25,doubleclick,1,3,20,0.55
0,24,0,1,27,3.7360069464476564,3,13,8.333333333333334,smartadserver,1,9,27,0.48148148148148145
0,17,0,0,20,3.646439344671015,4,11,4.25,doubleclick,1,3,20,0.55
0,24,0,1,27,3.7360069464476564,3,13,8.333333333333334,smartadserver,1,9,27,0.48148148148148145
0,20,0,0,23,3.6424896731661263,4,9,5.0,yahoo,1,12,23,0.391304347826087
0,17,0,0,20,3.646439344671015,4,11,4.25,doubleclick,1,3,20,0.55
0,20,0,0,23,3.6424896731661263,4,9,5.0,yahoo,1,12,23,0.391304347826087
0,24,1,0,27,3.986187965046304,3,16,8.333333333333334,adtrafficquality,1,3,27,0.5925925925925926
0,17,0,0,20,3.646439344671015,4,11,4.25,doubleclick,1,3,20,0.55
0,24,1,0,27,3.986187965046304,3,16,8.333333333333334,adtrafficquality,1,3,27,0.5925925925925926
0,24,1,0,27,3.986187965046304,3,16,8.333333333333334,adtrafficquality,1,3,27,0.5925925925925926
0,24,1,0,27,3.986187965046304,3,16,8.333333333333334,adtrafficquality,1,3,27,0.5925925925925926
0,20,0,0,23,3.6424896731661263,4,9,5.0,yahoo,1,12,23,0.391304347826087
0,16,0,0,18,3.614369445886757,3,11,5.333333333333333,doubleclick,1,2,18,0.6111111111111112
0,23,0,0,25,3.7336606896881848,3,17,7.666666666666667,googlesyndication,1,3,25,0.68
0,16,0,0,18,3.614369445886757,3,11,5.333333333333333,doubleclick,1,2,18,0.6111111111111112
0,23,0,0,25,3.7336606896881848,3,17,7.666666666666667,googlesyndication,1,3,25,0.68
0,23,0,0,25,3.7336606896881848,3,17,7.666666666666667,googlesyndication,1,3,25,0.68
0,16,0,0,18,3.614369445886757,3,11,5.333333333333333,doubleclick,1,2,18,0.6111111111111112
0,23,0,0,25,3.7336606896881848,3,17,7.666666666666667,googlesyndication,1,3,25,0.68
0,16,0,0,18,3.614369445886757,3,11,5.333333333333333,doubleclick,1,2,18,0.6111111111111112
0,16,1,0,19,3.576617644908667,3,8,5.666666666666667,pubmatic,1,6,19,0.42105263157894735
0,16,1,0,19,3.576617644908667,3,8,5.666666666666667,pubmatic,1,6,19,0.42105263157894735
0,16,1,0,19,3.576617644908667,3,8,5.666666666666667,pubmatic,1,6,19,0.42105263157894735
0,10,1,0,13,3.5465935642949384,3,6,3.6666666666666665,adform,1,2,13,0.46153846153846156
0,10,1,0,13,3.5465935642949384,3,6,3.6666666666666665,adform,1,2,13,0.46153846153846156
0,10,1,0,13,3.5465935642949384,3,6,3.6666666666666665,adform,1,2,13,0.46153846153846156
0,10,1,0,13,3.5465935642949384,3,6,3.6666666666666665,adform,1,2,13,0.46153846153846156
0,16,1,0,19,3.576617644908667,3,8,5.666666666666667,pubmatic,1,6,19,0.42105263157894735
0,42,19,0,64,4.484876767019874,4,32,15.25,googlesyndication,1,41,64,0.265625
0,42,19,0,64,4.484876767019874,4,32,15.25,googlesyndication,1,41,64,0.265625
0,42,19,0,64,4.484876767019874,4,32,15.25,googlesyndication,1,41,64,0.265625
0,42,19,0,64,4.484876767019874,4,32,15.25,googlesyndication,1,41,64,0.265625
0,14,0,0,16,3.5,3,7,4.666666666666667,setupad,1,4,16,0.4375
0,14,0,0,16,3.5,3,7,4.666666666666667,setupad,1,4,16,0.4375
0,14,0,0,16,3.5,3,7,4.666666666666667,setupad,1,4,16,0.4375
0,14,0,0,16,3.5,3,7,4.666666666666667,setupad,1,4,16,0.4375
0,9,2,0,13,3.5465935642949384,3,5,3.6666666666666665,3lift,1,3,13,0.3076923076923077
0,10,0,0,12,3.2516291673878226,3,5,3.3333333333333335,media,1,2,12,0.4166666666666667
0,10,0,0,12,3.2516291673878226,3,5,3.3333333333333335,media,1,2,12,0.4166666666666667
0,9,2,0,13,3.5465935642949384,3,5,3.6666666666666665,3lift,1,3,13,0.3076923076923077
0,10,0,0,12,3.2516291673878226,3,5,3.3333333333333335,media,1,2,12,0.4166666666666667
0,9,2,0,13,3.5465935642949384,3,5,3.6666666666666665,3lift,1,3,13,0.3076923076923077
0,10,0,0,12,3.2516291673878226,3,5,3.3333333333333335,media,1,2,12,0.4166666666666667
0,9,2,0,13,3.5465935642949384,3,5,3.6666666666666665,3lift,1,3,13,0.3076923076923077
0,9,0,0,11,3.2776134368191165,3,4,3.0,turn,1,2,11,0.36363636363636365
0,9,0,0,11,3.2776134368191165,3,4,3.0,turn,1,2,11,0.36363636363636365
0,9,0,0,11,3.2776134368191165,3,4,3.0,turn,1,2,11,0.36363636363636365
0,9,0,0,11,3.2776134368191165,3,4,3.0,turn,1,2,11,0.36363636363636365
0,12,0,1,15,3.6402239289418516,3,6,4.333333333333333,a-mo,1,6,15,0.4
0,12,0,1,15,3.6402239289418516,3,6,4.333333333333333,a-mo,1,6,15,0.4
0,12,0,1,15,3.6402239289418516,3,6,4.333333333333333,a-mo,1,6,15,0.4
0,14,0,0,16,3.327819531114783,3,6,4.666666666666667,eskimi,1,5,16,0.375
0,12,0,1,15,3.6402239289418516,3,6,4.333333333333333,a-mo,1,6,15,0.4
0,9,0,0,11,2.9139770731827523,3,5,3.0,openx,1,1,11,0.45454545454545453
0,16,0,1,19,3.47135448701393,3,9,5.666666666666667,openx,1,9,19,0.3684210526315789
0,14,0,0,16,3.327819531114783,3,6,4.666666666666667,eskimi,1,5,16,0.375
0,14,0,0,16,3.327819531114783,3,6,4.666666666666667,eskimi,1,5,16,0.375
0,19,0,0,21,3.689703732199547,3,11,6.333333333333333,smilewanted,1,5,21,0.5238095238095238
0,9,0,0,11,2.9139770731827523,3,5,3.0,openx,1,1,11,0.45454545454545453
0,14,0,0,16,3.327819531114783,3,6,4.666666666666667,eskimi,1,5,16,0.375
0,16,0,1,19,3.47135448701393,3,9,5.666666666666667,openx,1,9,19,0.3684210526315789
0,9,0,0,11,2.9139770731827523,3,5,3.0,openx,1,1,11,0.45454545454545453
0,16,0,1,19,3.47135448701393,3,9,5.666666666666667,openx,1,9,19,0.3684210526315789
0,19,0,0,21,3.689703732199547,3,11,6.333333333333333,smilewanted,1,5,21,0.5238095238095238
0,10,0,0,12,3.0849625007211556,3,5,3.3333333333333335,lijit,1,2,12,0.4166666666666667
0,19,0,0,21,3.689703732199547,3,11,6.333333333333333,smilewanted,1,5,21,0.5238095238095238
0,9,0,0,11,2.9139770731827523,3,5,3.0,openx,1,1,11,0.45454545454545453
0,10,0,0,12,3.0849625007211556,3,5,3.3333333333333335,lijit,1,2,12,0.4166666666666667
0,10,0,0,12,3.0849625007211556,3,5,3.3333333333333335,lijit,1,2,12,0.4166666666666667
0,19,0,0,21,3.689703732199547,3,11,6.333333333333333,smilewanted,1,5,21,0.5238095238095238
0,10,0,0,12,3.0849625007211556,3,5,3.3333333333333335,lijit,1,2,12,0.4166666666666667
0,10,0,0,12,3.418295834054489,3,6,3.3333333333333335,rfihub,1,1,12,0.5
0,15,0,0,17,3.381580488309164,3,10,5.0,contextweb,1,2,17,0.5882352941176471
0,10,0,0,12,3.418295834054489,3,6,3.3333333333333335,rfihub,1,1,12,0.5
0,10,0,0,12,3.418295834054489,3,6,3.3333333333333335,rfihub,1,1,12,0.5
0,12,0,1,14,3.521640636343319,2,10,6.5,onetag-sys,0,0,14,0.42857142857142855
0,20,0,1,23,3.3231428049945433,3,11,7.0,everesttech,1,7,23,0.4782608695652174
0,9,0,0,11,3.095795255000934,3,3,3.0,iqm,1,3,11,0.2727272727272727
0,10,0,0,12,3.418295834054489,3,6,3.3333333333333335,rfihub,1,1,12,0.5
0,15,0,0,17,3.381580488309164,3,10,5.0,contextweb,1,2,17,0.5882352941176471
0,12,0,1,14,3.521640636343319,2,10,6.5,onetag-sys,0,0,14,0.42857142857142855
0,15,0,0,17,3.381580488309164,3,10,5.0,contextweb,1,2,17,0.5882352941176471
0,12,0,1,14,3.521640636343319,2,10,6.5,onetag-sys,0,0,14,0.42857142857142855
0,20,0,1,23,3.3231428049945433,3,11,7.0,everesttech,1,7,23,0.4782608695652174
0,9,0,0,11,3.095795255000934,3,3,3.0,iqm,1,3,11,0.2727272727272727
0,12,0,1,14,3.521640636343319,2,10,6.5,onetag-sys,0,0,14,0.42857142857142855
0,15,0,0,17,3.381580488309164,3,10,5.0,contextweb,1,2,17,0.5882352941176471
0,9,0,0,11,3.095795255000934,3,3,3.0,iqm,1,3,11,0.2727272727272727
0,20,0,1,23,3.3231428049945433,3,11,7.0,everesttech,1,7,23,0.4782608695652174
0,12,0,0,15,3.006238928653389,4,6,3.0,smaato,1,3,15,0.4
0,12,0,0,15,3.006238928653389,4,6,3.0,smaato,1,3,15,0.4
0,9,0,0,11,3.095795255000934,3,3,3.0,iqm,1,3,11,0.2727272727272727
0,12,0,0,15,3.006238928653389,4,6,3.0,smaato,1,3,15,0.4
0,12,0,0,15,3.006238928653389,4,6,3.0,smaato,1,3,15,0.4
0,12,2,1,17,3.734521664779752,3,7,5.0,media,1,7,17,0.29411764705882354
0,12,2,1,17,3.734521664779752,3,7,5.0,media,1,7,17,0.29411764705882354
0,12,2,1,17,3.734521664779752,3,7,5.0,media,1,7,17,0.29411764705882354
0,11,0,1,14,3.2359263506290334,3,5,4.0,openx,1,4,14,0.35714285714285715
0,14,0,0,15,3.4565647621309536,2,11,7.0,creativecdn,0,0,15,0.7333333333333333
0,8,1,0,11,3.277613436819116,3,4,3.0,1rx,1,4,11,0.36363636363636365
0,12,2,1,17,3.734521664779752,3,7,5.0,media,1,7,17,0.29411764705882354
0,12,0,0,14,3.2359263506290334,3,6,4.0,criteo,1,3,14,0.42857142857142855
0,10,0,0,12,3.418295834054489,3,5,3.3333333333333335,adnxs,1,2,12,0.4166666666666667
0,11,0,1,14,3.2359263506290334,3,5,4.0,openx,1,4,14,0.35714285714285715
0,14,0,0,15,3.4565647621309536,2,11,7.0,creativecdn,0,0,15,0.7333333333333333
0,12,0,0,14,3.2359263506290334,3,6,4.0,criteo,1,3,14,0.42857142857142855
0,10,0,0,12,3.418295834054489,3,5,3.3333333333333335,adnxs,1,2,12,0.4166666666666667
0,8,1,0,11,3.277613436819116,3,4,3.0,1rx,1,4,11,0.36363636363636365
0,14,0,0,15,3.4565647621309536,2,11,7.0,creativecdn,0,0,15,0.7333333333333333
0,12,0,0,14,3.2359263506290334,3,6,4.0,criteo,1,3,14,0.42857142857142855
0,11,0,1,14,3.2359263506290334,3,5,4.0,openx,1,4,14,0.35714285714285715
0,10,0,0,12,3.418295834054489,3,5,3.3333333333333335,adnxs,1,2,12,0.4166666666666667
0,8,1,0,11,3.277613436819116,3,4,3.0,1rx,1,4,11,0.36363636363636365
0,11,0,1,14,3.2359263506290334,3,5,4.0,openx,1,4,14,0.35714285714285715
0,14,0,0,15,3.4565647621309536,2,11,7.0,creativecdn,0,0,15,0.7333333333333333
0,12,0,0,14,3.2359263506290334,3,6,4.0,criteo,1,3,14,0.42857142857142855
0,10,0,0,12,3.418295834054489,3,5,3.3333333333333335,adnxs,1,2,12,0.4166666666666667
0,8,1,0,11,3.277613436819116,3,4,3.0,1rx,1,4,11,0.36363636363636365
0,20,0,1,23,3.3231428049945433,3,11,7.0,everesttech,1,7,23,0.4782608695652174
0,16,0,0,18,3.350209029099897,3,7,5.333333333333333,eskimi,1,7,18,0.3888888888888889
0,20,0,0,22,3.6978458230844122,3,9,6.666666666666667,pubmatic,1,9,22,0.4090909090909091
0,20,0,0,22,3.6978458230844122,3,9,6.666666666666667,pubmatic,1,9,22,0.4090909090909091
0,20,0,0,22,3.6978458230844122,3,9,6.666666666666667,pubmatic,1,9,22,0.4090909090909091
0,20,0,0,22,3.6978458230844122,3,9,6.666666666666667,pubmatic,1,9,22,0.4090909090909091
0,15,0,0,17,3.2639334294856344,3,6,5.0,criteo,1,6,17,0.35294117647058826
0,15,0,0,17,3.2639334294856344,3,6,5.0,criteo,1,6,17,0.35294117647058826
0,15,0,0,17,3.2639334294856344,3,6,5.0,criteo,1,6,17,0.35294117647058826
0,15,0,0,17,3.2639334294856344,3,6,5.0,criteo,1,6,17,0.35294117647058826
0,12,0,0,15,3.3232314287976203,4,5,3.0,opera,1,4,15,0.3333333333333333
0,12,0,0,15,3.3232314287976203,4,5,3.0,opera,1,4,15,0.3333333333333333
0,12,0,0,15,3.3232314287976203,4,5,3.0,opera,1,4,15,0.3333333333333333
0,12,0,0,15,3.3232314287976203,4,5,3.0,opera,1,4,15,0.3333333333333333
0,16,0,0,18,3.350209029099897,3,7,5.333333333333333,eskimi,1,7,18,0.3888888888888889
0,16,0,0,18,3.350209029099897,3,7,5.333333333333333,eskimi,1,7,18,0.3888888888888889
0,10,0,0,12,2.8553885422075336,3,6,3.3333333333333335,simpli,1,2,12,0.5
0,10,0,0,12,2.8553885422075336,3,6,3.3333333333333335,simpli,1,2,12,0.5
0,10,0,0,12,2.8553885422075336,3,6,3.3333333333333335,simpli,1,2,12,0.5
0,11,0,0,13,3.3927474104487847,3,5,3.6666666666666665,media,1,3,13,0.38461538461538464
0,10,0,0,12,3.2516291673878226,3,5,3.3333333333333335,lijit,1,2,12,0.4166666666666667
0,22,0,2,26,3.6864194113487736,3,15,8.0,amazon-adsystem,1,6,26,0.3076923076923077
0,23,0,0,25,3.589275070710713,3,13,7.666666666666667,smartadserver,1,7,25,0.52
0,16,0,0,18,3.4193819456463714,3,8,5.333333333333333,clickagy,1,5,18,0.4444444444444444
0,16,0,0,18,3.4193819456463714,3,8,5.333333333333333,clickagy,1,5,18,0.4444444444444444
0,18,0,0,20,3.546439344671015,3,10,6.0,media,1,10,20,0.5
0,15,0,0,17,3.6168746059562227,3,10,5.0,krushmedia,1,2,17,0.5882352941176471
0,15,0,0,17,3.6168746059562227,3,10,5.0,krushmedia,1,2,17,0.5882352941176471
0,15,0,0,17,3.175123135113461,3,10,5.0,admanmedia,1,2,17,0.5882352941176471
0,10,0,0,12,2.8553885422075336,3,6,3.3333333333333335,simpli,1,2,12,0.5
0,22,0,2,26,3.6864194113487736,3,15,8.0,amazon-adsystem,1,6,26,0.3076923076923077
0,10,0,0,12,3.2516291673878226,3,5,3.3333333333333335,lijit,1,2,12,0.4166666666666667
0,11,0,0,13,3.3927474104487847,3,5,3.6666666666666665,media,1,3,13,0.38461538461538464
0,11,0,0,13,3.3927474104487847,3,5,3.6666666666666665,media,1,3,13,0.38461538461538464
0,22,0,2,26,3.6864194113487736,3,15,8.0,amazon-adsystem,1,6,26,0.3076923076923077
0,10,0,0,12,3.2516291673878226,3,5,3.3333333333333335,lijit,1,2,12,0.4166666666666667
0,16,0,0,18,3.4193819456463714,3,8,5.333333333333333,clickagy,1,5,18,0.4444444444444444
0,15,0,0,17,3.6168746059562227,3,10,5.0,krushmedia,1,2,17,0.5882352941176471
0,15,0,0,17,3.6168746059562227,3,10,5.0,krushmedia,1,2,17,0.5882352941176471
0,16,0,0,18,3.4193819456463714,3,8,5.333333333333333,clickagy,1,5,18,0.4444444444444444
0,18,0,0,20,3.546439344671015,3,10,6.0,media,1,10,20,0.5
0,23,0,0,25,3.589275070710713,3,13,7.666666666666667,smartadserver,1,7,25,0.52
0,15,0,0,17,3.175123135113461,3,10,5.0,admanmedia,1,2,17,0.5882352941176471
0,15,0,0,17,3.175123135113461,3,10,5.0,admanmedia,1,2,17,0.5882352941176471
0,18,0,0,20,3.546439344671015,3,10,6.0,media,1,10,20,0.5
0,11,0,0,13,3.3927474104487847,3,5,3.6666666666666665,media,1,3,13,0.38461538461538464
0,10,0,0,12,3.2516291673878226,3,5,3.3333333333333335,lijit,1,2,12,0.4166666666666667
0,22,0,2,26,3.6864194113487736,3,15,8.0,amazon-adsystem,1,6,26,0.3076923076923077
0,15,0,0,17,3.175123135113461,3,10,5.0,admanmedia,1,2,17,0.5882352941176471
0,18,0,0,20,3.546439344671015,3,10,6.0,media,1,10,20,0.5
0,16,0,0,18,3.350209029099897,3,7,5.333333333333333,eskimi,1,7,18,0.3888888888888889
0,15,0,0,17,3.219528282299548,3,9,5.0,krepsinis,1,3,17,0.5294117647058824
0,15,0,0,17,3.219528282299548,3,9,5.0,krepsinis,1,3,17,0.5294117647058824
0,15,0,0,17,3.219528282299548,3,9,5.0,krepsinis,1,3,17,0.5294117647058824
0,14,0,0,16,3.452819531114783,3,6,4.666666666666667,adsrvr,1,5,16,0.375
0,14,0,0,16,3.452819531114783,3,6,4.666666666666667,adsrvr,1,5,16,0.375
0,14,0,0,16,3.452819531114783,3,6,4.666666666666667,adsrvr,1,5,16,0.375
0,14,0,0,16,3.452819531114783,3,6,4.666666666666667,adsrvr,1,5,16,0.375
0,15,0,0,17,3.219528282299548,3,9,5.0,krepsinis,1,3,17,0.5294117647058824
0,14,0,0,16,3.5,3,6,4.666666666666667,adnxs,1,6,16,0.375
0,9,0,0,11,3.2776134368191165,3,4,3.0,turn,1,2,11,0.36363636363636365
0,15,0,0,17,3.175123135113461,3,10,5.0,admanmedia,1,2,17,0.5882352941176471
0,14,0,0,16,3.5,3,6,4.666666666666667,adnxs,1,6,16,0.375
0,9,0,0,11,3.2776134368191165,3,4,3.0,turn,1,2,11,0.36363636363636365
0,15,0,0,17,3.175123135113461,3,10,5.0,admanmedia,1,2,17,0.5882352941176471
0,14,0,0,16,3.5,3,6,4.666666666666667,adnxs,1,6,16,0.375
0,9,0,0,11,3.2776134368191165,3,4,3.0,turn,1,2,11,0.36363636363636365
0,15,0,0,17,3.175123135113461,3,10,5.0,admanmedia,1,2,17,0.5882352941176471
0,15,0,0,17,3.175123135113461,3,10,5.0,admanmedia,1,2,17,0.5882352941176471
0,9,0,0,11,3.2776134368191165,3,4,3.0,turn,1,2,11,0.36363636363636365
0,14,0,0,16,3.5,3,6,4.666666666666667,adnxs,1,6,16,0.375
0,10,0,0,12,2.8553885422075336,3,4,3.3333333333333335,temu,1,3,12,0.3333333333333333
0,10,0,0,12,2.8553885422075336,3,4,3.3333333333333335,temu,1,3,12,0.3333333333333333
0,10,0,0,12,2.8553885422075336,3,4,3.3333333333333335,temu,1,3,12,0.3333333333333333
0,16,0,1,19,3.5368867237421693,3,8,5.666666666666667,criteo,1,8,19,0.3157894736842105
0,10,0,0,12,2.8553885422075336,3,4,3.3333333333333335,temu,1,3,12,0.3333333333333333
0,16,0,1,19,3.5368867237421693,3,8,5.666666666666667,criteo,1,8,19,0.3157894736842105
0,16,0,1,19,3.5368867237421693,3,8,5.666666666666667,criteo,1,8,19,0.3157894736842105
0,16,0,1,19,3.5368867237421693,3,8,5.666666666666667,criteo,1,8,19,0.3157894736842105
0,12,0,0,14,3.2359263506290334,3,5,4.0,bfmio,1,4,14,0.35714285714285715
0,15,0,0,17,3.6168746059562227,3,8,5.0,outbrain,1,4,17,0.47058823529411764
0,14,0,0,16,3.5,3,7,4.666666666666667,aniview,1,4,16,0.4375
0,14,0,0,16,3.327819531114783,3,7,4.666666666666667,taboola,1,4,16,0.4375
0,12,0,0,14,3.2359263506290334,3,5,4.0,bfmio,1,4,14,0.35714285714285715
0,12,0,0,14,3.2359263506290334,3,5,4.0,bfmio,1,4,14,0.35714285714285715
0,14,0,0,16,3.327819531114783,3,7,4.666666666666667,taboola,1,4,16,0.4375
0,14,0,0,16,3.5,3,7,4.666666666666667,aniview,1,4,16,0.4375
0,14,0,0,16,3.5,3,7,4.666666666666667,aniview,1,4,16,0.4375
0,14,0,0,16,3.327819531114783,3,7,4.666666666666667,taboola,1,4,16,0.4375
0,15,0,0,17,3.6168746059562227,3,8,5.0,outbrain,1,4,17,0.47058823529411764
0,15,0,0,17,3.6168746059562227,3,8,5.0,outbrain,1,4,17,0.47058823529411764
0,14,0,0,16,3.327819531114783,3,7,4.666666666666667,taboola,1,4,16,0.4375
0,14,0,0,16,3.5,3,7,4.666666666666667,aniview,1,4,16,0.4375
0,15,0,0,17,3.6168746059562227,3,8,5.0,outbrain,1,4,17,0.47058823529411764
0,12,0,0,14,3.2359263506290334,3,5,4.0,bfmio,1,4,14,0.35714285714285715
0,18,0,0,20,3.1709505944546685,3,8,6.0,facebook,1,7,20,0.4
0,17,0,0,19,3.326360407952695,3,8,5.666666666666667,addtoany,1,6,19,0.42105263157894735
0,15,0,0,17,3.454822399946607,3,9,5.0,instagram,1,3,17,0.5294117647058824
0,12,0,0,13,3.238901256602631,2,9,6.0,contribee,0,0,13,0.6923076923076923
0,18,0,0,20,3.1709505944546685,3,8,6.0,facebook,1,7,20,0.4
0,17,0,0,19,3.326360407952695,3,8,5.666666666666667,addtoany,1,6,19,0.42105263157894735
0,15,0,0,17,3.454822399946607,3,9,5.0,instagram,1,3,17,0.5294117647058824
0,15,0,0,17,3.454822399946607,3,9,5.0,instagram,1,3,17,0.5294117647058824
0,17,0,0,19,3.326360407952695,3,8,5.666666666666667,addtoany,1,6,19,0.42105263157894735
0,18,0,0,20,3.1709505944546685,3,8,6.0,facebook,1,7,20,0.4
0,18,0,0,20,3.1709505944546685,3,8,6.0,facebook,1,7,20,0.4
0,17,0,0,19,3.326360407952695,3,8,5.666666666666667,addtoany,1,6,19,0.42105263157894735
0,15,0,0,17,3.454822399946607,3,9,5.0,instagram,1,3,17,0.5294117647058824
0,12,0,0,13,3.238901256602631,2,9,6.0,contribee,0,0,13,0.6923076923076923
0,12,0,0,13,3.238901256602631,2,9,6.0,contribee,0,0,13,0.6923076923076923
0,12,0,0,13,3.238901256602631,2,9,6.0,contribee,0,0,13,0.6923076923076923
0,16,0,1,19,3.47135448701393,3,9,5.666666666666667,openx,1,9,19,0.3684210526315789
0,15,0,0,18,3.4613201402110083,4,6,3.75,gemius,1,7,18,0.3333333333333333
0,20,0,0,23,3.7622673906514947,4,11,5.0,doubleclick,1,6,23,0.4782608695652174
0,15,0,0,18,3.4613201402110083,4,6,3.75,gemius,1,7,18,0.3333333333333333
0,20,0,0,23,3.7622673906514947,4,11,5.0,doubleclick,1,6,23,0.4782608695652174
0,15,0,0,18,3.4613201402110083,4,6,3.75,gemius,1,7,18,0.3333333333333333
0,20,0,0,23,3.7622673906514947,4,11,5.0,doubleclick,1,6,23,0.4782608695652174
0,15,0,0,18,3.4613201402110083,4,6,3.75,gemius,1,7,18,0.3333333333333333
0,20,0,0,23,3.7622673906514947,4,11,5.0,doubleclick,1,6,23,0.4782608695652174
0,28,0,1,31,3.821311940104173,3,16,9.666666666666666,googleapis,1,16,31,0.3225806451612903
0,28,0,1,31,3.821311940104173,3,16,9.666666666666666,googleapis,1,16,31,0.3225806451612903
0,28,0,1,31,3.821311940104173,3,16,9.666666666666666,googleapis,1,16,31,0.3225806451612903
0,28,0,1,31,3.821311940104173,3,16,9.666666666666666,googleapis,1,16,31,0.3225806451612903
0,15,0,0,17,3.219528282299548,3,9,5.0,chartbeat,1,3,17,0.5294117647058824
0,15,0,0,17,3.219528282299548,3,9,5.0,chartbeat,1,3,17,0.5294117647058824
0,15,0,0,17,3.219528282299548,3,9,5.0,chartbeat,1,3,17,0.5294117647058824
0,15,0,0,17,3.219528282299548,3,9,5.0,chartbeat,1,3,17,0.5294117647058824
0,30,1,2,37,3.7224385005301968,5,19,6.6,criteo,1,24,37,0.1891891891891892
0,30,1,2,37,3.7224385005301968,5,19,6.6,criteo,1,24,37,0.1891891891891892
0,30,1,2,37,3.7224385005301968,5,19,6.6,criteo,1,24,37,0.1891891891891892
0,30,1,2,37,3.7224385005301968,5,19,6.6,criteo,1,24,37,0.1891891891891892
0,20,0,0,22,3.697845823084412,3,14,6.666666666666667,acuityplatform,1,3,22,0.6363636363636364
0,20,0,0,22,3.697845823084412,3,14,6.666666666666667,acuityplatform,1,3,22,0.6363636363636364
0,20,0,0,22,3.697845823084412,3,14,6.666666666666667,acuityplatform,1,3,22,0.6363636363636364
0,20,0,0,22,3.697845823084412,3,14,6.666666666666667,acuityplatform,1,3,22,0.6363636363636364
0,8,0,0,10,3.121928094887362,3,3,2.6666666666666665,one,1,3,10,0.3
0,8,0,0,10,3.121928094887362,3,3,2.6666666666666665,one,1,3,10,0.3
0,8,0,0,10,3.121928094887362,3,3,2.6666666666666665,one,1,3,10,0.3
0,8,0,0,10,3.121928094887362,3,3,2.6666666666666665,one,1,3,10,0.3
0,9,1,1,12,3.4182958340544896,2,8,5.5,id5-sync,0,0,12,0.3333333333333333
0,9,1,1,12,3.4182958340544896,2,8,5.5,id5-sync,0,0,12,0.3333333333333333
0,9,1,1,12,3.4182958340544896,2,8,5.5,id5-sync,0,0,12,0.3333333333333333
0,9,1,1,12,3.4182958340544896,2,8,5.5,id5-sync,0,0,12,0.3333333333333333
0,13,0,0,15,3.2402239289418517,3,5,4.333333333333333,media,1,5,15,0.3333333333333333
0,7,2,1,12,3.2516291673878226,3,4,3.3333333333333335,a-mo,1,3,12,0.25
0,13,0,0,15,3.2402239289418517,3,5,4.333333333333333,media,1,5,15,0.3333333333333333
0,13,0,0,15,3.2402239289418517,3,5,4.333333333333333,media,1,5,15,0.3333333333333333
0,7,2,1,12,3.2516291673878226,3,4,3.3333333333333335,a-mo,1,3,12,0.25
0,7,2,1,12,3.2516291673878226,3,4,3.3333333333333335,a-mo,1,3,12,0.25
0,7,2,1,12,3.2516291673878226,3,4,3.3333333333333335,a-mo,1,3,12,0.25
0,13,0,0,15,3.2402239289418517,3,5,4.333333333333333,media,1,5,15,0.3333333333333333
0,13,2,3,20,3.8841837197791884,3,13,6.0,eu-1-id5-sync,1,2,20,0.2
0,13,2,3,20,3.8841837197791884,3,13,6.0,eu-1-id5-sync,1,2,20,0.2
0,13,2,3,20,3.8841837197791884,3,13,6.0,eu-1-id5-sync,1,2,20,0.2
0,13,2,3,20,3.8841837197791884,3,13,6.0,eu-1-id5-sync,1,2,20,0.2
0,43,18,0,64,4.417837797403417,4,32,15.25,googlesyndication,1,41,64,0.265625
0,19,0,1,22,3.658993415253805,3,9,6.666666666666667,akamaihd,1,9,22,0.36363636363636365
0,19,0,1,22,3.658993415253805,3,9,6.666666666666667,akamaihd,1,9,22,0.36363636363636365
0,19,0,1,22,3.658993415253805,3,9,6.666666666666667,akamaihd,1,9,22,0.36363636363636365
0,19,0,1,22,3.658993415253805,3,9,6.666666666666667,akamaihd,1,9,22,0.36363636363636365
0,43,18,0,64,4.417837797403417,4,32,15.25,googlesyndication,1,41,64,0.265625
0,43,18,0,64,4.417837797403417,4,32,15.25,googlesyndication,1,41,64,0.265625
0,36,25,0,64,4.454783547037795,4,32,15.25,googlesyndication,1,41,64,0.265625
0,43,18,0,64,4.417837797403417,4,32,15.25,googlesyndication,1,41,64,0.265625
0,36,25,0,64,4.454783547037795,4,32,15.25,googlesyndication,1,41,64,0.265625
0,36,25,0,64,4.454783547037795,4,32,15.25,googlesyndication,1,41,64,0.265625
0,36,25,0,64,4.454783547037795,4,32,15.25,googlesyndication,1,41,64,0.265625
0,37,24,0,64,4.548533547037795,4,32,15.25,googlesyndication,1,41,64,0.265625
0,40,21,0,64,4.509623781480403,4,32,15.25,googlesyndication,1,41,64,0.265625
0,37,24,0,64,4.548533547037795,4,32,15.25,googlesyndication,1,41,64,0.265625
0,37,24,0,64,4.548533547037795,4,32,15.25,googlesyndication,1,41,64,0.265625
0,40,21,0,64,4.404078664259099,4,32,15.25,googlesyndication,1,41,64,0.265625
0,40,21,0,64,4.509623781480403,4,32,15.25,googlesyndication,1,41,64,0.265625
0,40,21,0,64,4.509623781480403,4,32,15.25,googlesyndication,1,41,64,0.265625
0,37,24,0,64,4.548533547037795,4,32,15.25,googlesyndication,1,41,64,0.265625
0,40,21,0,64,4.404078664259099,4,32,15.25,googlesyndication,1,41,64,0.265625
0,40,21,0,64,4.509623781480403,4,32,15.25,googlesyndication,1,41,64,0.265625
0,40,21,0,64,4.404078664259099,4,32,15.25,googlesyndication,1,41,64,0.265625
0,41,20,0,64,4.406403423718116,4,32,15.25,googlesyndication,1,41,64,0.265625
0,40,21,0,64,4.404078664259099,4,32,15.25,googlesyndication,1,41,64,0.265625
0,41,20,0,64,4.406403423718116,4,32,15.25,googlesyndication,1,41,64,0.265625
0,41,20,0,64,4.406403423718116,4,32,15.25,googlesyndication,1,41,64,0.265625
0,42,19,0,64,4.375807235905091,4,32,15.25,googlesyndication,1,41,64,0.265625
0,41,20,0,64,4.406403423718116,4,32,15.25,googlesyndication,1,41,64,0.265625
0,42,19,0,64,4.375807235905091,4,32,15.25,googlesyndication,1,41,64,0.265625
0,42,19,0,64,4.375807235905091,4,32,15.25,googlesyndication,1,41,64,0.265625
0,42,19,0,64,4.375807235905091,4,32,15.25,googlesyndication,1,41,64,0.265625
0,39,22,0,64,4.529482282211646,4,32,15.25,googlesyndication,1,41,64,0.265625
0,39,22,0,64,4.529482282211646,4,32,15.25,googlesyndication,1,41,64,0.265625
0,39,22,0,64,4.529482282211646,4,32,15.25,googlesyndication,1,41,64,0.265625
0,12,0,0,14,2.8423709931771093,3,6,4.0,google,1,3,14,0.42857142857142855
0,12,0,0,14,2.8423709931771093,3,6,4.0,google,1,3,14,0.42857142857142855
0,12,0,0,14,2.8423709931771093,3,6,4.0,google,1,3,14,0.42857142857142855
0,12,0,0,14,2.8423709931771093,3,6,4.0,google,1,3,14,0.42857142857142855
0,39,22,0,64,4.529482282211646,4,32,15.25,googlesyndication,1,41,64,0.265625
0,36,25,0,64,4.451662751096862,4,32,15.25,googlesyndication,1,41,64,0.265625
0,36,25,0,64,4.451662751096862,4,32,15.25,googlesyndication,1,41,64,0.265625
0,36,25,0,64,4.451662751096862,4,32,15.25,googlesyndication,1,41,64,0.265625
0,36,25,0,64,4.451662751096862,4,32,15.25,googlesyndication,1,41,64,0.265625
0,19,0,1,23,3.708132064658602,4,7,5.0,yieldmo,1,10,23,0.30434782608695654
0,19,0,1,23,3.708132064658602,4,7,5.0,yieldmo,1,10,23,0.30434782608695654
0,19,0,1,23,3.708132064658602,4,7,5.0,yieldmo,1,10,23,0.30434782608695654
0,19,0,1,23,3.708132064658602,4,7,5.0,yieldmo,1,10,23,0.30434782608695654
0,15,1,0,18,3.614369445886757,3,7,5.333333333333333,zemanta,1,6,18,0.3888888888888889
0,15,1,0,18,3.614369445886757,3,7,5.333333333333333,zemanta,1,6,18,0.3888888888888889
0,15,1,0,18,3.614369445886757,3,7,5.333333333333333,zemanta,1,6,18,0.3888888888888889
0,15,1,0,18,3.614369445886757,3,7,5.333333333333333,zemanta,1,6,18,0.3888888888888889
0,43,18,0,64,4.545412751096862,4,32,15.25,googlesyndication,1,41,64,0.265625
0,43,18,0,64,4.545412751096862,4,32,15.25,googlesyndication,1,41,64,0.265625
0,43,18,0,64,4.545412751096862,4,32,15.25,googlesyndication,1,41,64,0.265625
0,43,18,0,64,4.545412751096862,4,32,15.25,googlesyndication,1,41,64,0.265625
0,43,18,0,64,4.296973149067329,4,32,15.25,googlesyndication,1,41,64,0.265625
0,43,18,0,64,4.296973149067329,4,32,15.25,googlesyndication,1,41,64,0.265625
0,43,18,0,64,4.296973149067329,4,32,15.25,googlesyndication,1,41,64,0.265625
0,43,18,0,64,4.296973149067329,4,32,15.25,googlesyndication,1,41,64,0.265625
0,16,1,0,19,3.721611723969903,3,8,5.666666666666667,outbrain,1,6,19,0.42105263157894735
0,16,1,0,19,3.721611723969903,3,8,5.666666666666667,outbrain,1,6,19,0.42105263157894735
0,16,1,0,19,3.721611723969903,3,8,5.666666666666667,outbrain,1,6,19,0.42105263157894735
0,16,1,0,19,3.721611723969903,3,8,5.666666666666667,outbrain,1,6,19,0.42105263157894735
0,21,0,1,24,3.7720552088742005,3,10,7.333333333333333,sitescout,1,10,24,0.375
0,21,0,1,24,3.7720552088742005,3,10,7.333333333333333,sitescout,1,10,24,0.375
0,21,0,1,24,3.7720552088742005,3,10,7.333333333333333,sitescout,1,10,24,0.375
0,21,0,1,24,3.7720552088742005,3,10,7.333333333333333,sitescout,1,10,24,0.375
0,12,0,0,14,2.8423709931771093,3,6,4.0,google,1,3,14,0.42857142857142855
0,12,0,0,14,2.8423709931771093,3,6,4.0,google,1,3,14,0.42857142857142855
0,12,0,0,14,2.8423709931771093,3,6,4.0,google,1,3,14,0.42857142857142855
0,12,0,0,14,2.8423709931771093,3,6,4.0,google,1,3,14,0.42857142857142855
0,9,0,1,12,3.2516291673878226,3,5,3.3333333333333335,ck-ie,1,2,12,0.25
0,9,0,1,12,3.2516291673878226,3,5,3.3333333333333335,ck-ie,1,2,12,0.25
0,9,0,1,12,3.2516291673878226,3,5,3.3333333333333335,ck-ie,1,2,12,0.25
0,9,0,1,12,3.2516291673878226,3,5,3.3333333333333335,ck-ie,1,2,12,0.25
0,5,1,0,8,2.5,3,3,2.0,6sc,1,1,8,0.25
0,20,0,1,23,3.969001629875993,3,11,7.0,bidsxchange,1,7,23,0.4782608695652174
0,5,1,0,8,2.5,3,3,2.0,6sc,1,1,8,0.25
0,5,1,0,8,2.5,3,3,2.0,6sc,1,1,8,0.25
0,5,1,0,8,2.5,3,3,2.0,6sc,1,1,8,0.25
0,20,0,1,23,3.969001629875993,3,11,7.0,bidsxchange,1,7,23,0.4782608695652174
0,20,0,1,23,3.969001629875993,3,11,7.0,bidsxchange,1,7,23,0.4782608695652174
0,20,0,1,23,3.969001629875993,3,11,7.0,bidsxchange,1,7,23,0.4782608695652174
0,24,0,1,27,3.884155094595805,3,11,8.333333333333334,bidsxchange,1,11,27,0.4074074074074074
0,24,0,1,27,3.884155094595805,3,11,8.333333333333334,bidsxchange,1,11,27,0.4074074074074074
0,24,0,1,27,3.884155094595805,3,11,8.333333333333334,bidsxchange,1,11,27,0.4074074074074074
0,24,0,1,27,3.884155094595805,3,11,8.333333333333334,bidsxchange,1,11,27,0.4074074074074074
0,20,0,1,23,3.675310868912364,3,12,7.0,rtb-pinklion,1,7,23,0.34782608695652173
0,20,0,1,23,3.675310868912364,3,12,7.0,rtb-pinklion,1,7,23,0.34782608695652173
0,20,0,1,23,3.675310868912364,3,12,7.0,rtb-pinklion,1,7,23,0.34782608695652173
0,20,0,1,23,3.675310868912364,3,12,7.0,rtb-pinklion,1,7,23,0.34782608695652173
0,18,1,0,21,3.653756708287001,3,12,6.333333333333333,creativedot2,1,4,21,0.5238095238095238
0,18,1,0,21,3.653756708287001,3,12,6.333333333333333,creativedot2,1,4,21,0.5238095238095238
0,18,1,0,21,3.653756708287001,3,12,6.333333333333333,creativedot2,1,4,21,0.5238095238095238
0,18,1,0,21,3.653756708287001,3,12,6.333333333333333,creativedot2,1,4,21,0.5238095238095238
0,27,0,1,30,3.8729055953200557,3,16,9.333333333333334,omnitagjs,1,16,30,0.3
0,27,0,1,30,3.8729055953200557,3,16,9.333333333333334,omnitagjs,1,16,30,0.3
0,27,0,1,30,3.8729055953200557,3,16,9.333333333333334,omnitagjs,1,16,30,0.3
0,27,0,1,30,3.8729055953200557,3,16,9.333333333333334,omnitagjs,1,16,30,0.3
0,12,0,0,14,3.3787834934861767,3,6,4.0,adform,1,3,14,0.42857142857142855
0,12,0,0,14,3.3787834934861767,3,6,4.0,adform,1,3,14,0.42857142857142855
0,12,0,0,14,3.3787834934861767,3,6,4.0,adform,1,3,14,0.42857142857142855
0,12,0,0,14,3.3787834934861767,3,6,4.0,adform,1,3,14,0.42857142857142855
